TcBrA4_Chr16_24_383191_372739	TcBrA4_Chr11_ID=TcBrA4_0119650;description=dispersed_1	85.255	3486	508	4	1	3484	1	3482	0.0	5583	3484	3483
TcBrA4_Chr16_24_383191_372739	TcBrA4_Chr14_ID=TcBrA4_0185530;description=dispersed_1	85.001	3467	512	7	22	3484	1	3463	0.0	5563	3484	3464
TcBrA4_Chr16_24_383191_372739	TcBrA4_Chr13_ID=TcBrA4_0185900;description=dispersed_1	84.271	3484	540	5	1	3480	1	3480	0.0	5530	3484	3483
TcBrA4_Chr16_24_383191_372739	TcBrA4_Chr1_ID=TcBrA4_0185590;description=dispersed_1	85.335	3464	500	7	22	3482	1	3459	0.0	5515	3484	3460
TcBrA4_Chr16_24_383191_372739	TcBrA4_Chr32_ID=TcBrA4_0185630;description=dispersed_1	84.419	3485	530	7	1	3482	1	3475	0.0	5490	3484	3476
TcBrA4_Chr16_24_383191_372739	TcBrA4_Chr18_ID=TcBrA4_0185600;description=dispersed_1	84.922	3462	514	7	22	3478	1	3459	0.0	5487	3484	3467
TcBrA4_Chr16_24_383191_372739	TcBrA4_Chr7_ID=TcBrA4_0185660;description=dispersed_1	84.973	3467	512	6	22	3484	1	3462	0.0	5479	3484	3463
TcBrA4_Chr16_24_383191_372739	TcBrA4_Chr19_ID=TcBrA4_0185640;description=dispersed_1	83.827	3475	551	6	1	3466	1	3473	0.0	5459	3484	3483
TcBrA4_Chr16_24_383191_372739	TcBrA4_Chr30_ID=TcBrA4_0185550;description=dispersed_1	83.924	3471	539	9	22	3484	1	3460	0.0	5458	3484	3461
TcBrA4_Chr16_24_383191_372739	TcBrA4_Chr19_ID=TcBrA4_0185650;description=dispersed_1	84.097	3490	548	6	1	3484	1	3489	0.0	5447	3484	3490
TcBrA4_Chr16_24_383191_372739	TcBrA4_Chr23_ID=TcBrA4_0185940;description=dispersed_1	83.639	3484	554	10	1	3480	1	3472	0.0	5446	3484	3475
TcBrA4_Chr16_24_383191_372739	TcBrA4_Chr28_ID=TcBrA4_0185620;description=dispersed_1	84.165	3467	539	8	22	3484	1	3461	0.0	5440	3484	3462
TcBrA4_Chr16_24_383191_372739	TcBrA4_Chr22_ID=TcBrA4_0185560;description=dispersed_1	84.551	3450	527	5	1	3446	1	3448	0.0	5435	3484	3466
TcBrA4_Chr16_24_383191_372739	TcBrA4_Chr1_ID=TcBrA4_0185580;description=dispersed_1	83.671	3460	543	8	22	3478	1	3441	0.0	5374	3484	3449
TcBrA4_Chr16_24_383191_372739	TcBrA4_Chr24_ID=TcBrA4_0185570;description=dispersed_1	80.616	3508	620	11	22	3480	1	3497	0.0	5328	3484	3500
TcBrA4_Chr16_24_383191_372739	TcBrA4_Chr3_ID=TcBrA4_0185610;description=dispersed_1	83.329	3461	568	6	22	3478	1	3456	0.0	5312	3484	3464
TcBrA4_Chr16_24_383191_372739	TcBrA4_Chr17_ID=TcBrA4_0185670;description=dispersed_1	77.888	3514	635	15	22	3480	1	3427	0.0	5130	3484	3430
TcBrA4_Chr16_24_383191_372739	TcBrA4_Chr1_ID=TcBrA4_0185990;description=dispersed_1	83.784	3145	496	9	22	3162	1	3135	0.0	4965	3484	3137
TcBrA4_Chr16_24_383191_372739	TcBrA4_Chr11_ID=TcBrA4_0119980;description=dispersed_1	82.557	2918	502	5	1	2913	1	2916	0.0	4524	3484	2917
TcBrA4_Chr16_24_383191_372739	TcBrA4_Chr17_ID=TcBrA4_0186020;description=dispersed_1	79.889	2894	569	7	22	2909	1	2887	0.0	4402	3484	2901
TcBrA4_Chr16_24_383191_372739	TcBrA4_Chr26_ID=TcBrA4_0185540;description=dispersed_1	54.122	2875	1223	34	48	2883	55	2872	0.0	2689	3484	3352
TcBrA4_Chr16_24_383191_372739	TcBrA4_Chr26_ID=TcBrA4_0185540;description=dispersed_1	61.660	506	189	4	2932	3434	2845	3348	5.80e-173	595	3484	3352
TcBrA4_Chr17_26_101243_90859	TcBrA4_Chr11_ID=TcBrA4_0119650;description=dispersed_1	88.046	3455	390	5	1	3434	1	3453	0.0	5727	3442	3483
TcBrA4_Chr17_26_101243_90859	TcBrA4_Chr13_ID=TcBrA4_0185900;description=dispersed_1	85.041	3456	494	5	1	3434	1	3455	0.0	5551	3442	3483
TcBrA4_Chr17_26_101243_90859	TcBrA4_Chr14_ID=TcBrA4_0185530;description=dispersed_1	85.070	3436	488	6	22	3434	1	3434	0.0	5519	3442	3464
TcBrA4_Chr17_26_101243_90859	TcBrA4_Chr30_ID=TcBrA4_0185550;description=dispersed_1	84.916	3434	494	6	22	3434	1	3431	0.0	5471	3442	3461
TcBrA4_Chr17_26_101243_90859	TcBrA4_Chr18_ID=TcBrA4_0185600;description=dispersed_1	85.303	3436	482	6	22	3434	1	3436	0.0	5468	3442	3467
TcBrA4_Chr17_26_101243_90859	TcBrA4_Chr1_ID=TcBrA4_0185590;description=dispersed_1	84.969	3433	495	6	22	3434	1	3432	0.0	5465	3442	3460
TcBrA4_Chr17_26_101243_90859	TcBrA4_Chr23_ID=TcBrA4_0185940;description=dispersed_1	84.671	3451	501	7	1	3430	1	3444	0.0	5462	3442	3475
TcBrA4_Chr17_26_101243_90859	TcBrA4_Chr22_ID=TcBrA4_0185560;description=dispersed_1	84.444	3465	514	6	1	3441	1	3464	0.0	5441	3442	3466
TcBrA4_Chr17_26_101243_90859	TcBrA4_Chr19_ID=TcBrA4_0185640;description=dispersed_1	84.142	3462	521	5	1	3434	1	3462	0.0	5432	3442	3483
TcBrA4_Chr17_26_101243_90859	TcBrA4_Chr28_ID=TcBrA4_0185620;description=dispersed_1	84.367	3435	512	7	22	3434	1	3432	0.0	5412	3442	3462
TcBrA4_Chr17_26_101243_90859	TcBrA4_Chr32_ID=TcBrA4_0185630;description=dispersed_1	84.023	3455	524	8	1	3434	1	3448	0.0	5412	3442	3476
TcBrA4_Chr17_26_101243_90859	TcBrA4_Chr19_ID=TcBrA4_0185650;description=dispersed_1	84.224	3461	518	7	1	3434	1	3460	0.0	5402	3442	3490
TcBrA4_Chr17_26_101243_90859	TcBrA4_Chr24_ID=TcBrA4_0185570;description=dispersed_1	82.663	3455	547	8	22	3430	1	3449	0.0	5381	3442	3500
TcBrA4_Chr17_26_101243_90859	TcBrA4_Chr7_ID=TcBrA4_0185660;description=dispersed_1	83.993	3436	524	7	22	3434	1	3433	0.0	5380	3442	3463
TcBrA4_Chr17_26_101243_90859	TcBrA4_Chr1_ID=TcBrA4_0185580;description=dispersed_1	84.115	3431	514	7	22	3434	1	3418	0.0	5339	3442	3449
TcBrA4_Chr17_26_101243_90859	TcBrA4_Chr3_ID=TcBrA4_0185610;description=dispersed_1	83.925	3434	530	6	22	3434	1	3433	0.0	5286	3442	3464
TcBrA4_Chr17_26_101243_90859	TcBrA4_Chr17_ID=TcBrA4_0185670;description=dispersed_1	81.179	3443	550	14	22	3430	1	3379	0.0	5269	3442	3430
TcBrA4_Chr17_26_101243_90859	TcBrA4_Chr1_ID=TcBrA4_0185990;description=dispersed_1	83.907	3138	484	6	22	3141	1	3135	0.0	4954	3442	3137
TcBrA4_Chr17_26_101243_90859	TcBrA4_Chr11_ID=TcBrA4_0119980;description=dispersed_1	82.236	2916	493	5	1	2891	1	2916	0.0	4517	3442	2917
TcBrA4_Chr17_26_101243_90859	TcBrA4_Chr17_ID=TcBrA4_0186020;description=dispersed_1	81.535	2892	503	8	22	2887	1	2887	0.0	4476	3442	2901
TcBrA4_Chr17_26_101243_90859	TcBrA4_Chr26_ID=TcBrA4_0185540;description=dispersed_1	54.702	2839	1199	30	49	2847	59	2850	0.0	2726	3442	3352
TcBrA4_Chr17_26_101243_90859	TcBrA4_Chr26_ID=TcBrA4_0185540;description=dispersed_1	62.963	513	182	4	2910	3420	2845	3351	5.54e-178	611	3442	3352
TcBrA4_Chr3_54_771783_761468	TcBrA4_Chr13_ID=TcBrA4_0185900;description=dispersed_1	85.205	3393	493	6	1	3386	61	3451	0.0	5488	3386	3483
TcBrA4_Chr3_54_771783_761468	TcBrA4_Chr18_ID=TcBrA4_0185600;description=dispersed_1	85.386	3394	487	5	1	3386	40	3432	0.0	5487	3386	3467
TcBrA4_Chr3_54_771783_761468	TcBrA4_Chr1_ID=TcBrA4_0185590;description=dispersed_1	85.466	3392	484	4	1	3386	40	3428	0.0	5484	3386	3460
TcBrA4_Chr3_54_771783_761468	TcBrA4_Chr30_ID=TcBrA4_0185550;description=dispersed_1	84.715	3389	514	3	1	3386	40	3427	0.0	5457	3386	3461
TcBrA4_Chr3_54_771783_761468	TcBrA4_Chr14_ID=TcBrA4_0185530;description=dispersed_1	84.536	3395	512	7	1	3386	40	3430	0.0	5450	3386	3464
TcBrA4_Chr3_54_771783_761468	TcBrA4_Chr19_ID=TcBrA4_0185640;description=dispersed_1	84.495	3399	513	6	1	3386	61	3458	0.0	5429	3386	3483
TcBrA4_Chr3_54_771783_761468	TcBrA4_Chr23_ID=TcBrA4_0185940;description=dispersed_1	84.316	3392	518	7	1	3386	61	3444	0.0	5419	3386	3475
TcBrA4_Chr3_54_771783_761468	TcBrA4_Chr28_ID=TcBrA4_0185620;description=dispersed_1	84.645	3393	510	6	1	3386	40	3428	0.0	5404	3386	3462
TcBrA4_Chr3_54_771783_761468	TcBrA4_Chr32_ID=TcBrA4_0185630;description=dispersed_1	84.745	3389	509	5	1	3386	61	3444	0.0	5397	3386	3476
TcBrA4_Chr3_54_771783_761468	TcBrA4_Chr11_ID=TcBrA4_0119650;description=dispersed_1	83.707	3394	540	7	1	3386	61	3449	0.0	5387	3386	3483
TcBrA4_Chr3_54_771783_761468	TcBrA4_Chr19_ID=TcBrA4_0185650;description=dispersed_1	84.226	3398	522	7	1	3386	61	3456	0.0	5361	3386	3490
TcBrA4_Chr3_54_771783_761468	TcBrA4_Chr7_ID=TcBrA4_0185660;description=dispersed_1	84.006	3395	529	8	1	3386	40	3429	0.0	5348	3386	3463
TcBrA4_Chr3_54_771783_761468	TcBrA4_Chr22_ID=TcBrA4_0185560;description=dispersed_1	84.169	3392	522	8	1	3381	61	3448	0.0	5347	3386	3466
TcBrA4_Chr3_54_771783_761468	TcBrA4_Chr1_ID=TcBrA4_0185580;description=dispersed_1	84.105	3391	518	7	1	3386	40	3414	0.0	5344	3386	3449
TcBrA4_Chr3_54_771783_761468	TcBrA4_Chr24_ID=TcBrA4_0185570;description=dispersed_1	82.114	3416	577	8	1	3386	38	3449	0.0	5320	3386	3500
TcBrA4_Chr3_54_771783_761468	TcBrA4_Chr3_ID=TcBrA4_0185610;description=dispersed_1	84.110	3392	531	6	1	3386	40	3429	0.0	5282	3386	3464
TcBrA4_Chr3_54_771783_761468	TcBrA4_Chr17_ID=TcBrA4_0185670;description=dispersed_1	79.293	3424	589	15	1	3386	38	3379	0.0	5129	3386	3430
TcBrA4_Chr3_54_771783_761468	TcBrA4_Chr1_ID=TcBrA4_0185990;description=dispersed_1	84.043	3102	483	5	1	3096	40	3135	0.0	4992	3386	3137
TcBrA4_Chr3_54_771783_761468	TcBrA4_Chr11_ID=TcBrA4_0119980;description=dispersed_1	82.738	2856	484	2	1	2847	61	2916	0.0	4476	3386	2917
TcBrA4_Chr3_54_771783_761468	TcBrA4_Chr17_ID=TcBrA4_0186020;description=dispersed_1	81.767	2852	509	6	1	2843	38	2887	0.0	4447	3386	2901
TcBrA4_Chr3_54_771783_761468	TcBrA4_Chr26_ID=TcBrA4_0185540;description=dispersed_1	54.443	2836	1205	33	1	2803	69	2850	0.0	2693	3386	3352
TcBrA4_Chr3_54_771783_761468	TcBrA4_Chr26_ID=TcBrA4_0185540;description=dispersed_1	62.076	501	184	5	2866	3363	2845	3342	7.63e-173	594	3386	3352
TcBrA4_Chr42_74_88943_78499	TcBrA4_Chr7_ID=TcBrA4_0185660;description=dispersed_1	86.098	3273	444	5	1	3267	1	3268	0.0	5256	3273	3463
TcBrA4_Chr42_74_88943_78499	TcBrA4_Chr1_ID=TcBrA4_0185590;description=dispersed_1	85.238	3272	473	4	1	3267	1	3267	0.0	5214	3273	3460
TcBrA4_Chr42_74_88943_78499	TcBrA4_Chr30_ID=TcBrA4_0185550;description=dispersed_1	84.183	3275	501	5	1	3267	1	3266	0.0	5210	3273	3461
TcBrA4_Chr42_74_88943_78499	TcBrA4_Chr13_ID=TcBrA4_0185900;description=dispersed_1	84.698	3274	488	5	1	3267	22	3289	0.0	5210	3273	3483
TcBrA4_Chr42_74_88943_78499	TcBrA4_Chr11_ID=TcBrA4_0119650;description=dispersed_1	84.749	3272	489	4	1	3267	22	3288	0.0	5207	3273	3483
TcBrA4_Chr42_74_88943_78499	TcBrA4_Chr14_ID=TcBrA4_0185530;description=dispersed_1	84.143	3273	509	6	1	3267	1	3269	0.0	5188	3273	3464
TcBrA4_Chr42_74_88943_78499	TcBrA4_Chr23_ID=TcBrA4_0185940;description=dispersed_1	84.425	3268	502	4	1	3267	22	3283	0.0	5182	3273	3475
TcBrA4_Chr42_74_88943_78499	TcBrA4_Chr28_ID=TcBrA4_0185620;description=dispersed_1	84.326	3273	501	5	1	3267	1	3267	0.0	5160	3273	3462
TcBrA4_Chr42_74_88943_78499	TcBrA4_Chr19_ID=TcBrA4_0185640;description=dispersed_1	83.852	3276	520	4	1	3267	22	3297	0.0	5136	3273	3483
TcBrA4_Chr42_74_88943_78499	TcBrA4_Chr19_ID=TcBrA4_0185650;description=dispersed_1	84.101	3277	508	6	1	3267	22	3295	0.0	5118	3273	3490
TcBrA4_Chr42_74_88943_78499	TcBrA4_Chr18_ID=TcBrA4_0185600;description=dispersed_1	84.021	3273	514	3	1	3267	1	3270	0.0	5116	3273	3467
TcBrA4_Chr42_74_88943_78499	TcBrA4_Chr32_ID=TcBrA4_0185630;description=dispersed_1	83.501	3273	523	6	1	3267	22	3283	0.0	5110	3273	3476
TcBrA4_Chr42_74_88943_78499	TcBrA4_Chr22_ID=TcBrA4_0185560;description=dispersed_1	83.852	3276	515	5	1	3267	22	3292	0.0	5101	3273	3466
TcBrA4_Chr42_74_88943_78499	TcBrA4_Chr24_ID=TcBrA4_0185570;description=dispersed_1	81.394	3300	569	7	1	3267	1	3288	0.0	5068	3273	3500
TcBrA4_Chr42_74_88943_78499	TcBrA4_Chr1_ID=TcBrA4_0185580;description=dispersed_1	83.130	3272	528	5	1	3267	1	3253	0.0	5028	3273	3449
TcBrA4_Chr42_74_88943_78499	TcBrA4_Chr3_ID=TcBrA4_0185610;description=dispersed_1	83.221	3272	539	2	1	3267	1	3267	0.0	4982	3273	3464
TcBrA4_Chr42_74_88943_78499	TcBrA4_Chr1_ID=TcBrA4_0185990;description=dispersed_1	83.498	3145	503	6	1	3139	1	3135	0.0	4940	3273	3137
TcBrA4_Chr42_74_88943_78499	TcBrA4_Chr17_ID=TcBrA4_0185670;description=dispersed_1	78.939	3300	580	12	1	3267	1	3218	0.0	4887	3273	3430
TcBrA4_Chr42_74_88943_78499	TcBrA4_Chr17_ID=TcBrA4_0185670;description=dispersed_1	29.885	87	50	4	3132	3208	3154	3239	7.7	24.6	3273	3430
TcBrA4_Chr42_74_88943_78499	TcBrA4_Chr11_ID=TcBrA4_0119980;description=dispersed_1	84.698	2895	437	2	1	2889	22	2916	0.0	4601	3273	2917
TcBrA4_Chr42_74_88943_78499	TcBrA4_Chr17_ID=TcBrA4_0186020;description=dispersed_1	80.836	2896	535	6	1	2885	1	2887	0.0	4412	3273	2901
TcBrA4_Chr42_74_88943_78499	TcBrA4_Chr26_ID=TcBrA4_0185540;description=dispersed_1	54.075	2859	1222	32	23	2850	52	2850	0.0	2686	3273	3352
TcBrA4_Chr42_74_88943_78499	TcBrA4_Chr26_ID=TcBrA4_0185540;description=dispersed_1	61.389	360	137	2	2908	3267	2845	3202	1.43e-122	429	3273	3352
TcBrA4_Chr6_81_13533_3087	TcBrA4_Chr1_ID=TcBrA4_0185590;description=dispersed_1	85.992	3134	426	5	1	3128	1	3127	0.0	5011	3133	3460
TcBrA4_Chr6_81_13533_3087	TcBrA4_Chr18_ID=TcBrA4_0185600;description=dispersed_1	85.067	3134	458	3	1	3128	1	3130	0.0	4946	3133	3467
TcBrA4_Chr6_81_13533_3087	TcBrA4_Chr32_ID=TcBrA4_0185630;description=dispersed_1	84.522	3127	476	5	3	3128	24	3143	0.0	4906	3133	3476
TcBrA4_Chr6_81_13533_3087	TcBrA4_Chr13_ID=TcBrA4_0185900;description=dispersed_1	83.663	3134	500	5	1	3128	22	3149	0.0	4892	3133	3483
TcBrA4_Chr6_81_13533_3087	TcBrA4_Chr14_ID=TcBrA4_0185530;description=dispersed_1	82.876	3136	522	6	1	3128	1	3129	0.0	4890	3133	3464
TcBrA4_Chr6_81_13533_3087	TcBrA4_Chr23_ID=TcBrA4_0185940;description=dispersed_1	84.015	3128	494	3	1	3128	22	3143	0.0	4881	3133	3475
TcBrA4_Chr6_81_13533_3087	TcBrA4_Chr30_ID=TcBrA4_0185550;description=dispersed_1	83.243	3133	513	4	1	3128	1	3126	0.0	4874	3133	3461
TcBrA4_Chr6_81_13533_3087	TcBrA4_Chr19_ID=TcBrA4_0185640;description=dispersed_1	83.185	3140	512	5	1	3128	22	3157	0.0	4857	3133	3483
TcBrA4_Chr6_81_13533_3087	TcBrA4_Chr1_ID=TcBrA4_0185990;description=dispersed_1	82.482	3134	532	6	1	3128	1	3123	0.0	4855	3133	3137
TcBrA4_Chr6_81_13533_3087	TcBrA4_Chr7_ID=TcBrA4_0185660;description=dispersed_1	83.610	3136	498	7	1	3128	1	3128	0.0	4848	3133	3463
TcBrA4_Chr6_81_13533_3087	TcBrA4_Chr1_ID=TcBrA4_0185580;description=dispersed_1	83.626	3133	488	6	1	3128	1	3113	0.0	4835	3133	3449
TcBrA4_Chr6_81_13533_3087	TcBrA4_Chr19_ID=TcBrA4_0185650;description=dispersed_1	83.636	3135	505	4	1	3128	22	3155	0.0	4828	3133	3490
TcBrA4_Chr6_81_13533_3087	TcBrA4_Chr28_ID=TcBrA4_0185620;description=dispersed_1	83.057	3134	518	5	1	3128	1	3127	0.0	4813	3133	3462
TcBrA4_Chr6_81_13533_3087	TcBrA4_Chr11_ID=TcBrA4_0119650;description=dispersed_1	82.456	3135	535	6	1	3128	22	3148	0.0	4792	3133	3483
TcBrA4_Chr6_81_13533_3087	TcBrA4_Chr22_ID=TcBrA4_0185560;description=dispersed_1	82.291	3134	546	5	1	3128	22	3152	0.0	4764	3133	3466
TcBrA4_Chr6_81_13533_3087	TcBrA4_Chr3_ID=TcBrA4_0185610;description=dispersed_1	83.307	3133	512	4	1	3128	1	3127	0.0	4755	3133	3464
TcBrA4_Chr6_81_13533_3087	TcBrA4_Chr24_ID=TcBrA4_0185570;description=dispersed_1	80.044	3157	592	6	1	3128	1	3148	0.0	4740	3133	3500
TcBrA4_Chr6_81_13533_3087	TcBrA4_Chr17_ID=TcBrA4_0185670;description=dispersed_1	77.174	3163	602	14	1	3128	1	3078	0.0	4521	3133	3430
TcBrA4_Chr6_81_13533_3087	TcBrA4_Chr11_ID=TcBrA4_0119980;description=dispersed_1	82.339	2899	499	3	1	2890	22	2916	0.0	4489	3133	2917
TcBrA4_Chr6_81_13533_3087	TcBrA4_Chr17_ID=TcBrA4_0186020;description=dispersed_1	80.159	2893	561	6	1	2886	1	2887	0.0	4396	3133	2901
TcBrA4_Chr6_81_13533_3087	TcBrA4_Chr26_ID=TcBrA4_0185540;description=dispersed_1	54.291	2855	1219	31	23	2847	52	2850	0.0	2709	3133	3352
TcBrA4_Chr6_81_13533_3087	TcBrA4_Chr26_ID=TcBrA4_0185540;description=dispersed_1	53.636	220	100	2	2909	3128	2845	3062	1.40e-56	212	3133	3352
TcBrA4_Contig140_96_39896_29425	TcBrA4_Chr1_ID=TcBrA4_0185590;description=dispersed_1	87.086	3446	429	7	20	3463	1	3432	0.0	5621	3471	3460
TcBrA4_Contig140_96_39896_29425	TcBrA4_Chr13_ID=TcBrA4_0185900;description=dispersed_1	84.973	3467	505	7	1	3463	1	3455	0.0	5550	3471	3483
TcBrA4_Contig140_96_39896_29425	TcBrA4_Chr32_ID=TcBrA4_0185630;description=dispersed_1	85.368	3465	488	8	1	3463	1	3448	0.0	5516	3471	3476
TcBrA4_Contig140_96_39896_29425	TcBrA4_Chr18_ID=TcBrA4_0185600;description=dispersed_1	85.557	3448	482	7	20	3463	1	3436	0.0	5497	3471	3467
TcBrA4_Contig140_96_39896_29425	TcBrA4_Chr14_ID=TcBrA4_0185530;description=dispersed_1	84.691	3449	508	9	20	3463	1	3434	0.0	5485	3471	3464
TcBrA4_Contig140_96_39896_29425	TcBrA4_Chr30_ID=TcBrA4_0185550;description=dispersed_1	84.156	3446	527	7	22	3463	1	3431	0.0	5450	3471	3461
TcBrA4_Contig140_96_39896_29425	TcBrA4_Chr7_ID=TcBrA4_0185660;description=dispersed_1	84.586	3445	516	5	22	3463	1	3433	0.0	5442	3471	3463
TcBrA4_Contig140_96_39896_29425	TcBrA4_Chr23_ID=TcBrA4_0185940;description=dispersed_1	83.935	3461	537	7	1	3459	1	3444	0.0	5431	3471	3475
TcBrA4_Contig140_96_39896_29425	TcBrA4_Chr11_ID=TcBrA4_0119650;description=dispersed_1	83.410	3466	559	6	1	3463	1	3453	0.0	5417	3471	3483
TcBrA4_Contig140_96_39896_29425	TcBrA4_Chr28_ID=TcBrA4_0185620;description=dispersed_1	84.131	3447	529	8	20	3463	1	3432	0.0	5412	3471	3462
TcBrA4_Contig140_96_39896_29425	TcBrA4_Chr19_ID=TcBrA4_0185640;description=dispersed_1	83.497	3472	554	6	1	3463	1	3462	0.0	5408	3471	3483
TcBrA4_Contig140_96_39896_29425	TcBrA4_Chr19_ID=TcBrA4_0185650;description=dispersed_1	83.492	3471	554	8	1	3463	1	3460	0.0	5383	3471	3490
TcBrA4_Contig140_96_39896_29425	TcBrA4_Chr22_ID=TcBrA4_0185560;description=dispersed_1	83.712	3475	550	5	1	3470	1	3464	0.0	5378	3471	3466
TcBrA4_Contig140_96_39896_29425	TcBrA4_Chr24_ID=TcBrA4_0185570;description=dispersed_1	81.320	3469	599	10	20	3459	1	3449	0.0	5323	3471	3500
TcBrA4_Contig140_96_39896_29425	TcBrA4_Chr1_ID=TcBrA4_0185580;description=dispersed_1	83.648	3443	537	7	22	3463	1	3418	0.0	5319	3471	3449
TcBrA4_Contig140_96_39896_29425	TcBrA4_Chr3_ID=TcBrA4_0185610;description=dispersed_1	83.740	3444	547	5	22	3463	1	3433	0.0	5295	3471	3464
TcBrA4_Contig140_96_39896_29425	TcBrA4_Chr17_ID=TcBrA4_0185670;description=dispersed_1	78.641	3474	613	16	20	3459	1	3379	0.0	5085	3471	3430
TcBrA4_Contig140_96_39896_29425	TcBrA4_Chr1_ID=TcBrA4_0185990;description=dispersed_1	83.127	3153	512	8	20	3170	1	3135	0.0	4922	3471	3137
TcBrA4_Contig140_96_39896_29425	TcBrA4_Chr11_ID=TcBrA4_0119980;description=dispersed_1	82.413	2917	506	4	1	2911	1	2916	0.0	4516	3471	2917
TcBrA4_Contig140_96_39896_29425	TcBrA4_Chr17_ID=TcBrA4_0186020;description=dispersed_1	80.760	2895	542	8	20	2907	1	2887	0.0	4420	3471	2901
TcBrA4_Contig140_96_39896_29425	TcBrA4_Chr26_ID=TcBrA4_0185540;description=dispersed_1	53.854	2854	1232	32	44	2867	52	2850	0.0	2667	3471	3352
TcBrA4_Contig140_96_39896_29425	TcBrA4_Chr26_ID=TcBrA4_0185540;description=dispersed_1	60.314	509	189	3	2930	3436	2845	3342	3.08e-169	582	3471	3352
TcBrA4_Chr12_142_853225_863592	TcBrA4_Chr11_ID=TcBrA4_0119650;description=dispersed_1	91.255	2287	197	3	1	2285	1	2286	0.0	3958	2944	3483
TcBrA4_Chr12_142_853225_863592	TcBrA4_Chr11_ID=TcBrA4_0119650;description=dispersed_1	86.463	458	60	1	2487	2944	2514	2969	0.0	752	2944	3483
TcBrA4_Chr12_142_853225_863592	TcBrA4_Chr11_ID=TcBrA4_0119650;description=dispersed_1	24.832	2384	1456	93	73	2268	465	2700	3.25e-63	234	2944	3483
TcBrA4_Chr12_142_853225_863592	TcBrA4_Chr11_ID=TcBrA4_0119650;description=dispersed_1	24.393	1812	1100	76	381	2058	1178	2853	6.95e-39	153	2944	3483
TcBrA4_Chr12_142_853225_863592	TcBrA4_Chr11_ID=TcBrA4_0119650;description=dispersed_1	27.633	807	497	29	94	858	2091	2852	3.60e-33	134	2944	3483
TcBrA4_Chr12_142_853225_863592	TcBrA4_Chr11_ID=TcBrA4_0119650;description=dispersed_1	28.532	361	235	11	2486	2827	2098	2454	4.36e-16	78.2	2944	3483
TcBrA4_Chr12_142_853225_863592	TcBrA4_Chr11_ID=TcBrA4_0119650;description=dispersed_1	29.781	319	199	11	2521	2827	144	449	1.24e-09	57.0	2944	3483
TcBrA4_Chr12_142_853225_863592	TcBrA4_Chr11_ID=TcBrA4_0119650;description=dispersed_1	25.341	367	226	13	2523	2859	541	889	7.69e-09	54.3	2944	3483
TcBrA4_Chr12_142_853225_863592	TcBrA4_Chr11_ID=TcBrA4_0119650;description=dispersed_1	28.235	340	213	13	2492	2821	1315	1633	1.23e-07	50.4	2944	3483
TcBrA4_Chr12_142_853225_863592	TcBrA4_Chr11_ID=TcBrA4_0119650;description=dispersed_1	24.773	331	205	13	2517	2827	938	1244	2.26e-06	46.2	2944	3483
TcBrA4_Chr12_142_853225_863592	TcBrA4_Chr11_ID=TcBrA4_0119650;description=dispersed_1	30.625	160	81	8	2693	2833	1919	2067	3.39e-05	42.4	2944	3483
TcBrA4_Chr12_142_853225_863592	TcBrA4_Chr13_ID=TcBrA4_0185900;description=dispersed_1	82.299	2288	400	3	1	2285	1	2286	0.0	3536	2944	3483
TcBrA4_Chr12_142_853225_863592	TcBrA4_Chr13_ID=TcBrA4_0185900;description=dispersed_1	85.808	458	65	0	2487	2944	2514	2971	0.0	739	2944	3483
TcBrA4_Chr12_142_853225_863592	TcBrA4_Chr13_ID=TcBrA4_0185900;description=dispersed_1	24.003	2308	1425	84	75	2210	469	2619	3.26e-68	250	2944	3483
TcBrA4_Chr12_142_853225_863592	TcBrA4_Chr13_ID=TcBrA4_0185900;description=dispersed_1	25.015	1695	1004	64	99	1646	1293	2867	2.62e-58	218	2944	3483
TcBrA4_Chr12_142_853225_863592	TcBrA4_Chr13_ID=TcBrA4_0185900;description=dispersed_1	24.609	1983	1193	80	237	2058	1014	2855	1.47e-54	205	2944	3483
TcBrA4_Chr12_142_853225_863592	TcBrA4_Chr13_ID=TcBrA4_0185900;description=dispersed_1	29.810	369	229	13	2488	2837	2110	2467	3.19e-14	72.0	2944	3483
TcBrA4_Chr12_142_853225_863592	TcBrA4_Chr13_ID=TcBrA4_0185900;description=dispersed_1	26.586	331	205	12	2523	2827	543	861	5.43e-13	68.2	2944	3483
TcBrA4_Chr12_142_853225_863592	TcBrA4_Chr13_ID=TcBrA4_0185900;description=dispersed_1	28.415	366	201	13	2491	2827	116	449	1.48e-10	60.1	2944	3483
TcBrA4_Chr12_142_853225_863592	TcBrA4_Chr13_ID=TcBrA4_0185900;description=dispersed_1	31.818	154	93	6	2682	2827	1097	1246	2.18e-10	59.7	2944	3483
TcBrA4_Chr12_142_853225_863592	TcBrA4_Chr13_ID=TcBrA4_0185900;description=dispersed_1	32.308	130	85	3	2700	2827	1513	1641	3.01e-09	55.8	2944	3483
TcBrA4_Chr12_142_853225_863592	TcBrA4_Chr13_ID=TcBrA4_0185900;description=dispersed_1	28.767	146	89	6	2693	2828	1919	2059	3.27e-06	45.8	2944	3483
TcBrA4_Chr12_142_853225_863592	TcBrA4_Chr7_ID=TcBrA4_0185660;description=dispersed_1	83.944	2267	360	4	22	2285	1	2266	0.0	3535	2944	3463
TcBrA4_Chr12_142_853225_863592	TcBrA4_Chr7_ID=TcBrA4_0185660;description=dispersed_1	84.716	458	68	1	2487	2944	2494	2949	0.0	724	2944	3463
TcBrA4_Chr12_142_853225_863592	TcBrA4_Chr7_ID=TcBrA4_0185660;description=dispersed_1	24.454	2016	1157	85	237	2058	990	2833	3.76e-41	160	2944	3463
TcBrA4_Chr12_142_853225_863592	TcBrA4_Chr7_ID=TcBrA4_0185660;description=dispersed_1	27.284	788	482	30	115	858	2092	2832	6.82e-34	137	2944	3463
TcBrA4_Chr12_142_853225_863592	TcBrA4_Chr7_ID=TcBrA4_0185660;description=dispersed_1	25.413	1090	654	48	1175	2178	1547	2563	2.59e-29	122	2944	3463
TcBrA4_Chr12_142_853225_863592	TcBrA4_Chr7_ID=TcBrA4_0185660;description=dispersed_1	28.099	363	238	10	2488	2837	2095	2447	1.33e-16	80.1	2944	3463
TcBrA4_Chr12_142_853225_863592	TcBrA4_Chr7_ID=TcBrA4_0185660;description=dispersed_1	30.769	156	88	8	2684	2827	1077	1224	2.88e-09	55.8	2944	3463
TcBrA4_Chr12_142_853225_863592	TcBrA4_Chr7_ID=TcBrA4_0185660;description=dispersed_1	29.096	354	213	14	2491	2827	95	427	4.94e-08	51.6	2944	3463
TcBrA4_Chr12_142_853225_863592	TcBrA4_Chr7_ID=TcBrA4_0185660;description=dispersed_1	24.750	400	252	19	2490	2859	487	867	1.97e-07	49.7	2944	3463
TcBrA4_Chr12_142_853225_863592	TcBrA4_Chr7_ID=TcBrA4_0185660;description=dispersed_1	33.871	124	79	3	2700	2821	1491	1613	3.40e-07	48.9	2944	3463
TcBrA4_Chr12_142_853225_863592	TcBrA4_Chr7_ID=TcBrA4_0185660;description=dispersed_1	26.897	145	97	4	2691	2828	1897	2039	1.48e-05	43.5	2944	3463
TcBrA4_Chr12_142_853225_863592	TcBrA4_Chr28_ID=TcBrA4_0185620;description=dispersed_1	82.348	2266	397	2	22	2285	1	2265	0.0	3483	2944	3462
TcBrA4_Chr12_142_853225_863592	TcBrA4_Chr28_ID=TcBrA4_0185620;description=dispersed_1	84.934	458	67	1	2487	2944	2493	2948	0.0	722	2944	3462
TcBrA4_Chr12_142_853225_863592	TcBrA4_Chr28_ID=TcBrA4_0185620;description=dispersed_1	24.297	1564	920	66	814	2238	1178	2616	1.60e-35	142	2944	3462
TcBrA4_Chr12_142_853225_863592	TcBrA4_Chr28_ID=TcBrA4_0185620;description=dispersed_1	27.644	832	498	32	94	873	2070	2849	5.47e-31	127	2944	3462
TcBrA4_Chr12_142_853225_863592	TcBrA4_Chr28_ID=TcBrA4_0185620;description=dispersed_1	23.996	946	568	35	374	1244	1962	2831	7.51e-21	94.0	2944	3462
TcBrA4_Chr12_142_853225_863592	TcBrA4_Chr28_ID=TcBrA4_0185620;description=dispersed_1	29.296	355	226	11	2488	2827	2089	2433	7.80e-15	74.3	2944	3462
TcBrA4_Chr12_142_853225_863592	TcBrA4_Chr28_ID=TcBrA4_0185620;description=dispersed_1	30.699	329	170	13	2525	2823	124	424	7.70e-11	60.8	2944	3462
TcBrA4_Chr12_142_853225_863592	TcBrA4_Chr28_ID=TcBrA4_0185620;description=dispersed_1	28.289	152	97	6	2684	2827	1077	1224	7.01e-09	54.7	2944	3462
TcBrA4_Chr12_142_853225_863592	TcBrA4_Chr28_ID=TcBrA4_0185620;description=dispersed_1	24.015	533	313	19	1565	2058	2353	2832	2.84e-08	52.4	2944	3462
TcBrA4_Chr12_142_853225_863592	TcBrA4_Chr28_ID=TcBrA4_0185620;description=dispersed_1	25.824	364	213	15	2523	2854	521	859	3.84e-08	52.0	2944	3462
TcBrA4_Chr12_142_853225_863592	TcBrA4_Chr28_ID=TcBrA4_0185620;description=dispersed_1	25.294	340	214	10	2503	2821	1293	1613	5.76e-07	48.1	2944	3462
TcBrA4_Chr12_142_853225_863592	TcBrA4_Chr28_ID=TcBrA4_0185620;description=dispersed_1	39.189	74	34	4	2760	2828	1971	2038	3.76e-04	38.9	2944	3462
TcBrA4_Chr12_142_853225_863592	TcBrA4_Chr32_ID=TcBrA4_0185630;description=dispersed_1	81.941	2287	408	2	1	2285	1	2284	0.0	3474	2944	3476
TcBrA4_Chr12_142_853225_863592	TcBrA4_Chr32_ID=TcBrA4_0185630;description=dispersed_1	83.843	458	70	2	2487	2944	2512	2965	0.0	703	2944	3476
TcBrA4_Chr12_142_853225_863592	TcBrA4_Chr32_ID=TcBrA4_0185630;description=dispersed_1	24.154	2335	1389	93	73	2210	466	2615	2.48e-64	237	2944	3476
TcBrA4_Chr12_142_853225_863592	TcBrA4_Chr32_ID=TcBrA4_0185630;description=dispersed_1	24.159	1664	1020	64	114	1646	1309	2861	4.89e-42	164	2944	3476
TcBrA4_Chr12_142_853225_863592	TcBrA4_Chr32_ID=TcBrA4_0185630;description=dispersed_1	27.941	816	497	28	94	865	2089	2857	6.46e-35	140	2944	3476
TcBrA4_Chr12_142_853225_863592	TcBrA4_Chr32_ID=TcBrA4_0185630;description=dispersed_1	25.702	961	539	42	1176	2058	1986	2849	7.34e-25	107	2944	3476
TcBrA4_Chr12_142_853225_863592	TcBrA4_Chr32_ID=TcBrA4_0185630;description=dispersed_1	29.189	370	233	11	2488	2838	2108	2467	2.24e-17	82.8	2944	3476
TcBrA4_Chr12_142_853225_863592	TcBrA4_Chr32_ID=TcBrA4_0185630;description=dispersed_1	26.807	332	203	14	2523	2827	542	860	1.76e-11	63.2	2944	3476
TcBrA4_Chr12_142_853225_863592	TcBrA4_Chr32_ID=TcBrA4_0185630;description=dispersed_1	25.309	324	213	11	2517	2827	939	1246	2.66e-10	59.3	2944	3476
TcBrA4_Chr12_142_853225_863592	TcBrA4_Chr32_ID=TcBrA4_0185630;description=dispersed_1	29.006	362	208	16	2491	2829	116	451	6.89e-09	54.7	2944	3476
TcBrA4_Chr12_142_853225_863592	TcBrA4_Chr32_ID=TcBrA4_0185630;description=dispersed_1	33.065	124	80	3	2700	2821	1513	1635	1.25e-08	53.5	2944	3476
TcBrA4_Chr12_142_853225_863592	TcBrA4_Chr32_ID=TcBrA4_0185630;description=dispersed_1	52.941	34	15	1	2796	2828	2024	2057	0.001	37.0	2944	3476
TcBrA4_Chr12_142_853225_863592	TcBrA4_Chr18_ID=TcBrA4_0185600;description=dispersed_1	82.833	2266	387	1	22	2285	1	2266	0.0	3458	2944	3467
TcBrA4_Chr12_142_853225_863592	TcBrA4_Chr18_ID=TcBrA4_0185600;description=dispersed_1	87.991	458	55	0	2487	2944	2494	2951	0.0	751	2944	3467
TcBrA4_Chr12_142_853225_863592	TcBrA4_Chr18_ID=TcBrA4_0185600;description=dispersed_1	24.902	2305	1414	98	73	2210	445	2599	1.84e-63	234	2944	3467
TcBrA4_Chr12_142_853225_863592	TcBrA4_Chr18_ID=TcBrA4_0185600;description=dispersed_1	25.202	1984	1182	77	237	2058	992	2835	1.60e-52	198	2944	3467
TcBrA4_Chr12_142_853225_863592	TcBrA4_Chr18_ID=TcBrA4_0185600;description=dispersed_1	27.989	368	237	11	2488	2837	2090	2447	7.05e-15	74.3	2944	3467
TcBrA4_Chr12_142_853225_863592	TcBrA4_Chr18_ID=TcBrA4_0185600;description=dispersed_1	30.000	360	188	13	2496	2827	105	428	1.47e-10	60.1	2944	3467
TcBrA4_Chr12_142_853225_863592	TcBrA4_Chr18_ID=TcBrA4_0185600;description=dispersed_1	24.465	327	217	9	2523	2827	521	839	3.90e-09	55.5	2944	3467
TcBrA4_Chr12_142_853225_863592	TcBrA4_Chr18_ID=TcBrA4_0185600;description=dispersed_1	25.000	324	214	11	2517	2827	918	1225	2.31e-07	49.7	2944	3467
TcBrA4_Chr12_142_853225_863592	TcBrA4_Chr18_ID=TcBrA4_0185600;description=dispersed_1	28.794	257	160	10	2580	2828	1798	2039	3.60e-07	48.9	2944	3467
TcBrA4_Chr12_142_853225_863592	TcBrA4_Chr18_ID=TcBrA4_0185600;description=dispersed_1	38.889	72	42	2	2752	2822	1545	1615	3.99e-07	48.9	2944	3467
TcBrA4_Chr12_142_853225_863592	TcBrA4_Chr1_ID=TcBrA4_0185590;description=dispersed_1	82.288	2264	400	1	22	2285	1	2263	0.0	3449	2944	3460
TcBrA4_Chr12_142_853225_863592	TcBrA4_Chr1_ID=TcBrA4_0185590;description=dispersed_1	85.808	458	65	0	2487	2944	2491	2948	0.0	742	2944	3460
TcBrA4_Chr12_142_853225_863592	TcBrA4_Chr1_ID=TcBrA4_0185590;description=dispersed_1	23.816	1583	992	59	803	2267	1165	2651	7.15e-43	166	2944	3460
TcBrA4_Chr12_142_853225_863592	TcBrA4_Chr1_ID=TcBrA4_0185590;description=dispersed_1	24.466	1639	972	64	158	1652	1328	2844	2.43e-42	165	2944	3460
TcBrA4_Chr12_142_853225_863592	TcBrA4_Chr1_ID=TcBrA4_0185590;description=dispersed_1	28.202	851	516	32	62	865	2038	2840	1.52e-36	145	2944	3460
TcBrA4_Chr12_142_853225_863592	TcBrA4_Chr1_ID=TcBrA4_0185590;description=dispersed_1	24.615	975	603	36	374	1280	1960	2870	5.92e-28	117	2944	3460
TcBrA4_Chr12_142_853225_863592	TcBrA4_Chr1_ID=TcBrA4_0185590;description=dispersed_1	26.128	953	549	42	1176	2058	1965	2832	8.15e-26	110	2944	3460
TcBrA4_Chr12_142_853225_863592	TcBrA4_Chr1_ID=TcBrA4_0185590;description=dispersed_1	29.296	355	226	10	2488	2827	2087	2431	1.28e-18	86.7	2944	3460
TcBrA4_Chr12_142_853225_863592	TcBrA4_Chr1_ID=TcBrA4_0185590;description=dispersed_1	30.372	349	216	13	2491	2827	95	428	1.00e-12	67.4	2944	3460
TcBrA4_Chr12_142_853225_863592	TcBrA4_Chr1_ID=TcBrA4_0185590;description=dispersed_1	26.347	334	202	12	2523	2827	519	837	6.06e-10	58.2	2944	3460
TcBrA4_Chr12_142_853225_863592	TcBrA4_Chr1_ID=TcBrA4_0185590;description=dispersed_1	28.481	158	89	8	2684	2827	1075	1222	1.24e-07	50.4	2944	3460
TcBrA4_Chr12_142_853225_863592	TcBrA4_Chr1_ID=TcBrA4_0185590;description=dispersed_1	32.258	124	81	3	2700	2821	1489	1611	6.06e-07	48.1	2944	3460
TcBrA4_Chr12_142_853225_863592	TcBrA4_Chr1_ID=TcBrA4_0185590;description=dispersed_1	28.777	139	82	5	2701	2828	1904	2036	1.82e-05	43.1	2944	3460
TcBrA4_Chr12_142_853225_863592	TcBrA4_Chr11_ID=TcBrA4_0119980;description=dispersed_1	80.830	2290	434	2	1	2285	1	2290	0.0	3445	2944	2917
TcBrA4_Chr12_142_853225_863592	TcBrA4_Chr11_ID=TcBrA4_0119980;description=dispersed_1	84.461	399	62	0	2487	2885	2518	2916	0.0	649	2944	2917
TcBrA4_Chr12_142_853225_863592	TcBrA4_Chr11_ID=TcBrA4_0119980;description=dispersed_1	24.494	2421	1394	101	73	2267	466	2678	6.22e-67	246	2944	2917
TcBrA4_Chr12_142_853225_863592	TcBrA4_Chr11_ID=TcBrA4_0119980;description=dispersed_1	24.911	1690	1020	64	99	1651	1293	2870	4.40e-48	184	2944	2917
TcBrA4_Chr12_142_853225_863592	TcBrA4_Chr11_ID=TcBrA4_0119980;description=dispersed_1	27.506	818	506	31	94	867	2095	2869	5.52e-33	134	2944	2917
TcBrA4_Chr12_142_853225_863592	TcBrA4_Chr11_ID=TcBrA4_0119980;description=dispersed_1	25.228	987	580	41	1144	2058	1959	2859	4.15e-24	104	2944	2917
TcBrA4_Chr12_142_853225_863592	TcBrA4_Chr11_ID=TcBrA4_0119980;description=dispersed_1	28.169	355	230	9	2488	2827	2114	2458	1.35e-15	76.6	2944	2917
TcBrA4_Chr12_142_853225_863592	TcBrA4_Chr11_ID=TcBrA4_0119980;description=dispersed_1	29.650	371	190	17	2491	2827	116	449	3.36e-11	62.0	2944	2917
TcBrA4_Chr12_142_853225_863592	TcBrA4_Chr11_ID=TcBrA4_0119980;description=dispersed_1	24.022	358	227	13	2523	2854	542	880	1.19e-08	53.9	2944	2917
TcBrA4_Chr12_142_853225_863592	TcBrA4_Chr11_ID=TcBrA4_0119980;description=dispersed_1	29.870	231	117	9	2631	2821	1410	1635	3.89e-08	52.0	2944	2917
TcBrA4_Chr12_142_853225_863592	TcBrA4_Chr11_ID=TcBrA4_0119980;description=dispersed_1	28.205	156	92	8	2684	2827	1099	1246	1.41e-06	47.0	2944	2917
TcBrA4_Chr12_142_853225_863592	TcBrA4_Chr11_ID=TcBrA4_0119980;description=dispersed_1	27.376	263	156	9	2580	2828	1822	2063	2.29e-06	46.2	2944	2917
TcBrA4_Chr12_142_853225_863592	TcBrA4_Chr24_ID=TcBrA4_0185570;description=dispersed_1	79.823	2265	448	3	22	2285	1	2257	0.0	3437	2944	3500
TcBrA4_Chr12_142_853225_863592	TcBrA4_Chr24_ID=TcBrA4_0185570;description=dispersed_1	78.557	485	77	2	2487	2944	2485	2969	0.0	669	2944	3500
TcBrA4_Chr12_142_853225_863592	TcBrA4_Chr24_ID=TcBrA4_0185570;description=dispersed_1	24.760	2290	1431	95	73	2210	441	2590	2.18e-65	241	2944	3500
TcBrA4_Chr12_142_853225_863592	TcBrA4_Chr24_ID=TcBrA4_0185570;description=dispersed_1	24.164	2003	1185	81	213	2058	1001	2826	2.66e-45	174	2944	3500
TcBrA4_Chr12_142_853225_863592	TcBrA4_Chr24_ID=TcBrA4_0185570;description=dispersed_1	24.664	1638	986	60	158	1655	1327	2856	2.95e-43	168	2944	3500
TcBrA4_Chr12_142_853225_863592	TcBrA4_Chr24_ID=TcBrA4_0185570;description=dispersed_1	29.296	355	226	10	2488	2827	2081	2425	1.58e-17	83.2	2944	3500
TcBrA4_Chr12_142_853225_863592	TcBrA4_Chr24_ID=TcBrA4_0185570;description=dispersed_1	29.301	372	192	15	2490	2827	92	426	5.54e-12	64.7	2944	3500
TcBrA4_Chr12_142_853225_863592	TcBrA4_Chr24_ID=TcBrA4_0185570;description=dispersed_1	34.921	126	78	4	2700	2822	1488	1612	3.00e-10	58.9	2944	3500
TcBrA4_Chr12_142_853225_863592	TcBrA4_Chr24_ID=TcBrA4_0185570;description=dispersed_1	25.888	394	240	16	2490	2854	485	855	9.72e-09	53.9	2944	3500
TcBrA4_Chr12_142_853225_863592	TcBrA4_Chr24_ID=TcBrA4_0185570;description=dispersed_1	25.846	325	212	11	2517	2828	914	1222	2.33e-08	52.8	2944	3500
TcBrA4_Chr12_142_853225_863592	TcBrA4_Chr24_ID=TcBrA4_0185570;description=dispersed_1	27.419	372	242	12	96	449	2464	2825	1.06e-06	47.4	2944	3500
TcBrA4_Chr12_142_853225_863592	TcBrA4_Chr24_ID=TcBrA4_0185570;description=dispersed_1	30.216	139	82	6	2700	2828	1897	2030	3.33e-06	45.8	2944	3500
TcBrA4_Chr12_142_853225_863592	TcBrA4_Chr1_ID=TcBrA4_0185990;description=dispersed_1	80.662	2265	431	5	22	2285	1	2259	0.0	3437	2944	3137
TcBrA4_Chr12_142_853225_863592	TcBrA4_Chr1_ID=TcBrA4_0185990;description=dispersed_1	84.061	458	73	0	2487	2944	2487	2944	0.0	723	2944	3137
TcBrA4_Chr12_142_853225_863592	TcBrA4_Chr1_ID=TcBrA4_0185990;description=dispersed_1	25.141	2311	1386	93	79	2210	447	2592	2.50e-73	267	2944	3137
TcBrA4_Chr12_142_853225_863592	TcBrA4_Chr1_ID=TcBrA4_0185990;description=dispersed_1	25.015	1691	1014	66	99	1652	1267	2840	4.41e-55	207	2944	3137
TcBrA4_Chr12_142_853225_863592	TcBrA4_Chr1_ID=TcBrA4_0185990;description=dispersed_1	24.774	1994	1172	79	239	2058	989	2828	2.34e-50	191	2944	3137
TcBrA4_Chr12_142_853225_863592	TcBrA4_Chr1_ID=TcBrA4_0185990;description=dispersed_1	28.397	817	496	30	94	865	2064	2836	7.84e-35	140	2944	3137
TcBrA4_Chr12_142_853225_863592	TcBrA4_Chr1_ID=TcBrA4_0185990;description=dispersed_1	24.507	963	581	36	374	1260	1958	2850	2.18e-28	119	2944	3137
TcBrA4_Chr12_142_853225_863592	TcBrA4_Chr1_ID=TcBrA4_0185990;description=dispersed_1	27.887	355	231	10	2488	2827	2083	2427	3.36e-15	75.5	2944	3137
TcBrA4_Chr12_142_853225_863592	TcBrA4_Chr1_ID=TcBrA4_0185990;description=dispersed_1	28.653	349	203	13	2492	2822	1291	1611	2.48e-14	72.4	2944	3137
TcBrA4_Chr12_142_853225_863592	TcBrA4_Chr1_ID=TcBrA4_0185990;description=dispersed_1	29.787	329	186	12	2521	2827	123	428	1.06e-11	63.9	2944	3137
TcBrA4_Chr12_142_853225_863592	TcBrA4_Chr1_ID=TcBrA4_0185990;description=dispersed_1	25.449	334	205	9	2523	2827	517	835	1.69e-09	56.6	2944	3137
TcBrA4_Chr12_142_853225_863592	TcBrA4_Chr1_ID=TcBrA4_0185990;description=dispersed_1	30.667	150	92	6	2686	2827	1075	1220	3.34e-08	52.4	2944	3137
TcBrA4_Chr12_142_853225_863592	TcBrA4_Chr1_ID=TcBrA4_0185990;description=dispersed_1	27.108	166	109	7	2671	2828	1873	2034	6.14e-04	38.1	2944	3137
TcBrA4_Chr12_142_853225_863592	TcBrA4_Chr30_ID=TcBrA4_0185550;description=dispersed_1	81.173	2268	417	4	22	2285	1	2262	0.0	3435	2944	3461
TcBrA4_Chr12_142_853225_863592	TcBrA4_Chr30_ID=TcBrA4_0185550;description=dispersed_1	85.808	458	65	0	2487	2944	2490	2947	0.0	740	2944	3461
TcBrA4_Chr12_142_853225_863592	TcBrA4_Chr30_ID=TcBrA4_0185550;description=dispersed_1	24.749	2295	1426	85	73	2210	445	2595	1.86e-72	264	2944	3461
TcBrA4_Chr12_142_853225_863592	TcBrA4_Chr30_ID=TcBrA4_0185550;description=dispersed_1	24.800	2121	1271	92	94	2058	879	2831	2.21e-50	191	2944	3461
TcBrA4_Chr12_142_853225_863592	TcBrA4_Chr30_ID=TcBrA4_0185550;description=dispersed_1	28.090	356	229	11	2488	2827	2086	2430	1.84e-15	76.3	2944	3461
TcBrA4_Chr12_142_853225_863592	TcBrA4_Chr30_ID=TcBrA4_0185550;description=dispersed_1	29.144	374	234	14	2491	2850	95	451	2.53e-11	62.8	2944	3461
TcBrA4_Chr12_142_853225_863592	TcBrA4_Chr30_ID=TcBrA4_0185550;description=dispersed_1	25.904	332	206	12	2523	2827	521	839	6.59e-10	57.8	2944	3461
TcBrA4_Chr12_142_853225_863592	TcBrA4_Chr30_ID=TcBrA4_0185550;description=dispersed_1	34.127	126	76	6	2700	2821	1491	1613	4.58e-08	52.0	2944	3461
TcBrA4_Chr12_142_853225_863592	TcBrA4_Chr30_ID=TcBrA4_0185550;description=dispersed_1	27.668	253	146	13	2594	2827	990	1224	2.30e-06	46.2	2944	3461
TcBrA4_Chr12_142_853225_863592	TcBrA4_Chr30_ID=TcBrA4_0185550;description=dispersed_1	28.477	151	91	5	2693	2828	1887	2035	2.73e-05	42.7	2944	3461
TcBrA4_Chr12_142_853225_863592	TcBrA4_Chr23_ID=TcBrA4_0185940;description=dispersed_1	80.717	2287	437	3	1	2285	1	2285	0.0	3429	2944	3475
TcBrA4_Chr12_142_853225_863592	TcBrA4_Chr23_ID=TcBrA4_0185940;description=dispersed_1	86.900	458	55	1	2487	2944	2512	2964	0.0	745	2944	3475
TcBrA4_Chr12_142_853225_863592	TcBrA4_Chr23_ID=TcBrA4_0185940;description=dispersed_1	24.288	2351	1480	95	73	2267	466	2672	1.11e-61	228	2944	3475
TcBrA4_Chr12_142_853225_863592	TcBrA4_Chr23_ID=TcBrA4_0185940;description=dispersed_1	24.092	2009	1236	75	202	2058	982	2853	1.04e-51	196	2944	3475
TcBrA4_Chr12_142_853225_863592	TcBrA4_Chr23_ID=TcBrA4_0185940;description=dispersed_1	26.912	353	239	8	2484	2827	2110	2452	1.04e-13	70.5	2944	3475
TcBrA4_Chr12_142_853225_863592	TcBrA4_Chr23_ID=TcBrA4_0185940;description=dispersed_1	30.172	348	210	15	2491	2823	116	445	1.87e-11	63.2	2944	3475
TcBrA4_Chr12_142_853225_863592	TcBrA4_Chr23_ID=TcBrA4_0185940;description=dispersed_1	29.540	413	228	17	72	449	2468	2852	7.41e-10	57.8	2944	3475
TcBrA4_Chr12_142_853225_863592	TcBrA4_Chr23_ID=TcBrA4_0185940;description=dispersed_1	24.462	372	208	14	2523	2854	542	880	2.11e-09	56.2	2944	3475
TcBrA4_Chr12_142_853225_863592	TcBrA4_Chr23_ID=TcBrA4_0185940;description=dispersed_1	27.234	235	153	10	2606	2827	1017	1246	1.44e-08	53.5	2944	3475
TcBrA4_Chr12_142_853225_863592	TcBrA4_Chr23_ID=TcBrA4_0185940;description=dispersed_1	32.168	143	88	4	2681	2821	1500	1635	2.94e-08	52.4	2944	3475
TcBrA4_Chr12_142_853225_863592	TcBrA4_Chr23_ID=TcBrA4_0185940;description=dispersed_1	32.117	137	81	5	2700	2828	1926	2058	7.31e-06	44.7	2944	3475
TcBrA4_Chr12_142_853225_863592	TcBrA4_Chr14_ID=TcBrA4_0185530;description=dispersed_1	80.776	2268	429	5	22	2285	1	2265	0.0	3423	2944	3464
TcBrA4_Chr12_142_853225_863592	TcBrA4_Chr14_ID=TcBrA4_0185530;description=dispersed_1	86.245	458	63	0	2487	2944	2493	2950	0.0	756	2944	3464
TcBrA4_Chr12_142_853225_863592	TcBrA4_Chr14_ID=TcBrA4_0185530;description=dispersed_1	24.656	2397	1417	95	73	2267	444	2653	1.96e-66	244	2944	3464
TcBrA4_Chr12_142_853225_863592	TcBrA4_Chr14_ID=TcBrA4_0185530;description=dispersed_1	24.951	2052	1241	86	167	2058	922	2834	1.08e-55	209	2944	3464
TcBrA4_Chr12_142_853225_863592	TcBrA4_Chr14_ID=TcBrA4_0185530;description=dispersed_1	28.786	865	518	34	62	875	2040	2857	2.13e-35	142	2944	3464
TcBrA4_Chr12_142_853225_863592	TcBrA4_Chr14_ID=TcBrA4_0185530;description=dispersed_1	29.577	355	225	11	2488	2827	2089	2433	2.13e-17	82.8	2944	3464
TcBrA4_Chr12_142_853225_863592	TcBrA4_Chr14_ID=TcBrA4_0185530;description=dispersed_1	29.363	361	209	15	2488	2827	92	427	4.78e-11	61.6	2944	3464
TcBrA4_Chr12_142_853225_863592	TcBrA4_Chr14_ID=TcBrA4_0185530;description=dispersed_1	26.630	368	205	16	2523	2854	520	858	3.34e-10	58.9	2944	3464
TcBrA4_Chr12_142_853225_863592	TcBrA4_Chr14_ID=TcBrA4_0185530;description=dispersed_1	31.452	124	82	3	2700	2821	1489	1611	1.07e-07	50.4	2944	3464
TcBrA4_Chr12_142_853225_863592	TcBrA4_Chr14_ID=TcBrA4_0185530;description=dispersed_1	25.296	253	135	11	2622	2827	978	1223	5.05e-06	45.1	2944	3464
TcBrA4_Chr12_142_853225_863592	TcBrA4_Chr14_ID=TcBrA4_0185530;description=dispersed_1	28.148	135	88	4	2700	2827	1905	2037	2.62e-04	39.3	2944	3464
TcBrA4_Chr12_142_853225_863592	TcBrA4_Chr19_ID=TcBrA4_0185640;description=dispersed_1	80.768	2293	433	3	1	2285	1	2293	0.0	3421	2944	3483
TcBrA4_Chr12_142_853225_863592	TcBrA4_Chr19_ID=TcBrA4_0185640;description=dispersed_1	86.026	458	64	0	2487	2944	2521	2978	0.0	771	2944	3483
TcBrA4_Chr12_142_853225_863592	TcBrA4_Chr19_ID=TcBrA4_0185640;description=dispersed_1	25.174	2443	1453	103	73	2301	467	2748	6.11e-67	246	2944	3483
TcBrA4_Chr12_142_853225_863592	TcBrA4_Chr19_ID=TcBrA4_0185640;description=dispersed_1	28.589	815	497	29	94	865	2098	2870	6.83e-41	160	2944	3483
TcBrA4_Chr12_142_853225_863592	TcBrA4_Chr19_ID=TcBrA4_0185640;description=dispersed_1	25.486	977	590	38	1144	2058	1962	2862	1.62e-28	119	2944	3483
TcBrA4_Chr12_142_853225_863592	TcBrA4_Chr19_ID=TcBrA4_0185640;description=dispersed_1	27.887	355	231	10	2488	2827	2117	2461	4.94e-14	71.6	2944	3483
TcBrA4_Chr12_142_853225_863592	TcBrA4_Chr19_ID=TcBrA4_0185640;description=dispersed_1	26.316	361	207	15	2527	2854	547	881	2.27e-07	49.7	2944	3483
TcBrA4_Chr12_142_853225_863592	TcBrA4_Chr19_ID=TcBrA4_0185640;description=dispersed_1	25.915	355	224	13	2491	2827	116	449	3.49e-07	48.9	2944	3483
TcBrA4_Chr12_142_853225_863592	TcBrA4_Chr19_ID=TcBrA4_0185640;description=dispersed_1	25.391	256	151	13	2600	2827	1005	1248	1.16e-06	47.4	2944	3483
TcBrA4_Chr12_142_853225_863592	TcBrA4_Chr19_ID=TcBrA4_0185640;description=dispersed_1	29.839	124	84	3	2700	2821	1515	1637	1.90e-06	46.6	2944	3483
TcBrA4_Chr12_142_853225_863592	TcBrA4_Chr19_ID=TcBrA4_0185640;description=dispersed_1	31.361	169	98	7	2671	2828	1905	2066	3.38e-06	45.8	2944	3483
TcBrA4_Chr12_142_853225_863592	TcBrA4_Chr1_ID=TcBrA4_0185580;description=dispersed_1	81.184	2264	417	3	22	2285	1	2255	0.0	3413	2944	3449
TcBrA4_Chr12_142_853225_863592	TcBrA4_Chr1_ID=TcBrA4_0185580;description=dispersed_1	87.336	458	58	0	2487	2944	2483	2940	0.0	749	2944	3449
TcBrA4_Chr12_142_853225_863592	TcBrA4_Chr1_ID=TcBrA4_0185580;description=dispersed_1	24.466	1684	1032	58	99	1652	1263	2836	4.14e-50	190	2944	3449
TcBrA4_Chr12_142_853225_863592	TcBrA4_Chr1_ID=TcBrA4_0185580;description=dispersed_1	24.529	1965	1151	80	267	2058	1019	2824	1.28e-47	182	2944	3449
TcBrA4_Chr12_142_853225_863592	TcBrA4_Chr1_ID=TcBrA4_0185580;description=dispersed_1	26.835	872	547	31	62	888	2030	2855	1.63e-33	135	2944	3449
TcBrA4_Chr12_142_853225_863592	TcBrA4_Chr1_ID=TcBrA4_0185580;description=dispersed_1	25.265	1132	668	49	1175	2210	1539	2588	2.96e-33	135	2944	3449
TcBrA4_Chr12_142_853225_863592	TcBrA4_Chr1_ID=TcBrA4_0185580;description=dispersed_1	24.891	1145	647	47	1294	2340	79	1108	1.07e-29	123	2944	3449
TcBrA4_Chr12_142_853225_863592	TcBrA4_Chr1_ID=TcBrA4_0185580;description=dispersed_1	28.169	355	230	10	2488	2827	2079	2423	7.13e-14	70.9	2944	3449
TcBrA4_Chr12_142_853225_863592	TcBrA4_Chr1_ID=TcBrA4_0185580;description=dispersed_1	30.959	365	187	16	2491	2827	95	422	2.20e-12	66.2	2944	3449
TcBrA4_Chr12_142_853225_863592	TcBrA4_Chr1_ID=TcBrA4_0185580;description=dispersed_1	28.947	152	96	6	2684	2827	1069	1216	4.80e-09	55.1	2944	3449
TcBrA4_Chr12_142_853225_863592	TcBrA4_Chr1_ID=TcBrA4_0185580;description=dispersed_1	33.065	124	80	3	2700	2821	1483	1605	7.24e-09	54.3	2944	3449
TcBrA4_Chr12_142_853225_863592	TcBrA4_Chr1_ID=TcBrA4_0185580;description=dispersed_1	25.826	333	205	13	2523	2827	512	830	1.44e-08	53.5	2944	3449
TcBrA4_Chr12_142_853225_863592	TcBrA4_Chr1_ID=TcBrA4_0185580;description=dispersed_1	32.877	73	46	2	2757	2828	1958	2028	8.98e-04	37.7	2944	3449
TcBrA4_Chr12_142_853225_863592	TcBrA4_Chr19_ID=TcBrA4_0185650;description=dispersed_1	81.302	2289	424	3	1	2285	1	2289	0.0	3402	2944	3490
TcBrA4_Chr12_142_853225_863592	TcBrA4_Chr19_ID=TcBrA4_0185650;description=dispersed_1	84.599	461	67	2	2487	2944	2517	2976	0.0	735	2944	3490
TcBrA4_Chr12_142_853225_863592	TcBrA4_Chr19_ID=TcBrA4_0185650;description=dispersed_1	24.958	2392	1418	95	73	2267	466	2677	3.66e-66	243	2944	3490
TcBrA4_Chr12_142_853225_863592	TcBrA4_Chr19_ID=TcBrA4_0185650;description=dispersed_1	24.229	1622	998	57	158	1652	1353	2870	3.19e-42	164	2944	3490
TcBrA4_Chr12_142_853225_863592	TcBrA4_Chr19_ID=TcBrA4_0185650;description=dispersed_1	27.526	861	509	35	62	865	2064	2866	4.53e-32	131	2944	3490
TcBrA4_Chr12_142_853225_863592	TcBrA4_Chr19_ID=TcBrA4_0185650;description=dispersed_1	25.787	985	577	39	1144	2058	1958	2858	5.38e-25	107	2944	3490
TcBrA4_Chr12_142_853225_863592	TcBrA4_Chr19_ID=TcBrA4_0185650;description=dispersed_1	28.977	352	225	11	2488	2824	2113	2454	2.58e-15	75.9	2944	3490
TcBrA4_Chr12_142_853225_863592	TcBrA4_Chr19_ID=TcBrA4_0185650;description=dispersed_1	26.111	360	209	14	2527	2854	546	880	1.18e-10	60.5	2944	3490
TcBrA4_Chr12_142_853225_863592	TcBrA4_Chr19_ID=TcBrA4_0185650;description=dispersed_1	30.400	125	84	3	2700	2822	1514	1637	1.47e-07	50.1	2944	3490
TcBrA4_Chr12_142_853225_863592	TcBrA4_Chr19_ID=TcBrA4_0185650;description=dispersed_1	27.642	369	206	14	2488	2827	113	449	1.97e-07	49.7	2944	3490
TcBrA4_Chr12_142_853225_863592	TcBrA4_Chr19_ID=TcBrA4_0185650;description=dispersed_1	25.391	256	151	12	2600	2827	1004	1247	2.73e-07	49.3	2944	3490
TcBrA4_Chr12_142_853225_863592	TcBrA4_Chr19_ID=TcBrA4_0185650;description=dispersed_1	30.723	166	103	6	2671	2828	1901	2062	7.62e-06	44.7	2944	3490
TcBrA4_Chr12_142_853225_863592	TcBrA4_Chr22_ID=TcBrA4_0185560;description=dispersed_1	80.534	2286	442	3	1	2285	1	2284	0.0	3382	2944	3466
TcBrA4_Chr12_142_853225_863592	TcBrA4_Chr22_ID=TcBrA4_0185560;description=dispersed_1	84.632	462	67	1	2487	2944	2512	2973	0.0	737	2944	3466
TcBrA4_Chr12_142_853225_863592	TcBrA4_Chr22_ID=TcBrA4_0185560;description=dispersed_1	24.022	2377	1452	94	75	2267	466	2672	5.66e-59	219	2944	3466
TcBrA4_Chr12_142_853225_863592	TcBrA4_Chr22_ID=TcBrA4_0185560;description=dispersed_1	24.411	1995	1183	83	237	2058	1011	2853	1.32e-39	155	2944	3466
TcBrA4_Chr12_142_853225_863592	TcBrA4_Chr22_ID=TcBrA4_0185560;description=dispersed_1	27.461	823	496	31	94	865	2089	2861	1.38e-30	126	2944	3466
TcBrA4_Chr12_142_853225_863592	TcBrA4_Chr22_ID=TcBrA4_0185560;description=dispersed_1	27.557	352	230	11	2488	2824	2108	2449	1.87e-13	69.7	2944	3466
TcBrA4_Chr12_142_853225_863592	TcBrA4_Chr22_ID=TcBrA4_0185560;description=dispersed_1	30.028	363	190	15	2491	2823	116	444	7.83e-11	60.8	2944	3466
TcBrA4_Chr12_142_853225_863592	TcBrA4_Chr22_ID=TcBrA4_0185560;description=dispersed_1	24.012	329	228	11	2507	2827	929	1243	2.10e-09	56.2	2944	3466
TcBrA4_Chr12_142_853225_863592	TcBrA4_Chr22_ID=TcBrA4_0185560;description=dispersed_1	33.871	124	79	3	2700	2821	1510	1632	5.11e-08	51.6	2944	3466
TcBrA4_Chr12_142_853225_863592	TcBrA4_Chr22_ID=TcBrA4_0185560;description=dispersed_1	25.770	357	222	14	2523	2854	540	878	8.38e-08	50.8	2944	3466
TcBrA4_Chr12_142_853225_863592	TcBrA4_Chr22_ID=TcBrA4_0185560;description=dispersed_1	47.500	40	20	1	2790	2828	2018	2057	7.86e-04	37.7	2944	3466
TcBrA4_Chr12_142_853225_863592	TcBrA4_Chr3_ID=TcBrA4_0185610;description=dispersed_1	81.236	2265	422	2	22	2285	1	2263	0.0	3357	2944	3464
TcBrA4_Chr12_142_853225_863592	TcBrA4_Chr3_ID=TcBrA4_0185610;description=dispersed_1	87.336	458	58	0	2487	2944	2491	2948	0.0	748	2944	3464
TcBrA4_Chr12_142_853225_863592	TcBrA4_Chr3_ID=TcBrA4_0185610;description=dispersed_1	25.000	1500	900	55	267	1639	1430	2831	5.31e-48	183	2944	3464
TcBrA4_Chr12_142_853225_863592	TcBrA4_Chr3_ID=TcBrA4_0185610;description=dispersed_1	25.437	1144	651	50	1175	2210	1547	2596	5.65e-35	140	2944	3464
TcBrA4_Chr12_142_853225_863592	TcBrA4_Chr3_ID=TcBrA4_0185610;description=dispersed_1	27.778	846	510	31	94	888	2068	2863	4.96e-34	137	2944	3464
TcBrA4_Chr12_142_853225_863592	TcBrA4_Chr3_ID=TcBrA4_0185610;description=dispersed_1	24.245	1126	653	44	1291	2321	78	1098	7.68e-24	103	2944	3464
TcBrA4_Chr12_142_853225_863592	TcBrA4_Chr3_ID=TcBrA4_0185610;description=dispersed_1	29.014	355	227	10	2488	2827	2087	2431	1.30e-12	67.0	2944	3464
TcBrA4_Chr12_142_853225_863592	TcBrA4_Chr3_ID=TcBrA4_0185610;description=dispersed_1	26.654	529	282	23	1577	2058	2363	2832	2.11e-10	59.7	2944	3464
TcBrA4_Chr12_142_853225_863592	TcBrA4_Chr3_ID=TcBrA4_0185610;description=dispersed_1	28.354	328	192	11	2521	2827	123	428	6.48e-10	57.8	2944	3464
TcBrA4_Chr12_142_853225_863592	TcBrA4_Chr3_ID=TcBrA4_0185610;description=dispersed_1	31.410	156	94	7	2680	2827	1074	1224	1.78e-08	53.1	2944	3464
TcBrA4_Chr12_142_853225_863592	TcBrA4_Chr3_ID=TcBrA4_0185610;description=dispersed_1	25.225	333	207	13	2523	2827	520	838	1.84e-08	53.1	2944	3464
TcBrA4_Chr12_142_853225_863592	TcBrA4_Chr3_ID=TcBrA4_0185610;description=dispersed_1	31.200	125	83	3	2700	2822	1491	1614	3.70e-07	48.9	2944	3464
TcBrA4_Chr12_142_853225_863592	TcBrA4_Chr3_ID=TcBrA4_0185610;description=dispersed_1	34.667	75	44	4	2756	2828	1965	2036	0.001	37.4	2944	3464
TcBrA4_Chr12_142_853225_863592	TcBrA4_Chr17_ID=TcBrA4_0186020;description=dispersed_1	78.155	2266	487	5	22	2285	1	2260	0.0	3350	2944	2901
TcBrA4_Chr12_142_853225_863592	TcBrA4_Chr17_ID=TcBrA4_0186020;description=dispersed_1	83.250	400	62	1	2487	2881	2488	2887	0.0	627	2944	2901
TcBrA4_Chr12_142_853225_863592	TcBrA4_Chr17_ID=TcBrA4_0186020;description=dispersed_1	24.160	2322	1403	93	75	2210	444	2593	4.21e-61	226	2944	2901
TcBrA4_Chr12_142_853225_863592	TcBrA4_Chr17_ID=TcBrA4_0186020;description=dispersed_1	24.305	1798	1118	67	381	2058	1155	2829	9.13e-50	189	2944	2901
TcBrA4_Chr12_142_853225_863592	TcBrA4_Chr17_ID=TcBrA4_0186020;description=dispersed_1	29.859	355	224	11	2488	2827	2084	2428	9.35e-17	80.5	2944	2901
TcBrA4_Chr12_142_853225_863592	TcBrA4_Chr17_ID=TcBrA4_0186020;description=dispersed_1	28.726	369	214	17	2490	2827	486	836	8.50e-14	70.9	2944	2901
TcBrA4_Chr12_142_853225_863592	TcBrA4_Chr17_ID=TcBrA4_0186020;description=dispersed_1	27.688	372	241	12	96	449	2467	2828	1.99e-12	66.2	2944	2901
TcBrA4_Chr12_142_853225_863592	TcBrA4_Chr17_ID=TcBrA4_0186020;description=dispersed_1	28.841	371	193	15	2491	2827	93	426	1.48e-11	63.5	2944	2901
TcBrA4_Chr12_142_853225_863592	TcBrA4_Chr17_ID=TcBrA4_0186020;description=dispersed_1	35.714	126	77	4	2700	2822	1488	1612	6.63e-11	61.2	2944	2901
TcBrA4_Chr12_142_853225_863592	TcBrA4_Chr17_ID=TcBrA4_0186020;description=dispersed_1	25.658	152	102	5	2684	2828	1075	1222	1.40e-07	50.1	2944	2901
TcBrA4_Chr12_142_853225_863592	TcBrA4_Chr17_ID=TcBrA4_0186020;description=dispersed_1	28.283	198	99	10	2669	2828	1841	2033	5.89e-05	41.6	2944	2901
TcBrA4_Chr12_142_853225_863592	TcBrA4_Chr17_ID=TcBrA4_0185670;description=dispersed_1	74.934	2266	487	11	22	2285	1	2187	0.0	3171	2944	3430
TcBrA4_Chr12_142_853225_863592	TcBrA4_Chr17_ID=TcBrA4_0185670;description=dispersed_1	78.969	485	75	2	2487	2944	2415	2899	0.0	699	2944	3430
TcBrA4_Chr12_142_853225_863592	TcBrA4_Chr17_ID=TcBrA4_0185670;description=dispersed_1	24.452	1963	1210	78	240	2058	923	2756	1.59e-46	179	2944	3430
TcBrA4_Chr12_142_853225_863592	TcBrA4_Chr17_ID=TcBrA4_0185670;description=dispersed_1	27.590	830	520	30	76	865	1976	2764	8.94e-35	140	2944	3430
TcBrA4_Chr12_142_853225_863592	TcBrA4_Chr17_ID=TcBrA4_0185670;description=dispersed_1	29.296	355	226	11	2488	2827	2011	2355	2.18e-15	75.9	2944	3430
TcBrA4_Chr12_142_853225_863592	TcBrA4_Chr17_ID=TcBrA4_0185670;description=dispersed_1	28.418	373	210	16	2490	2827	417	767	4.30e-12	65.1	2944	3430
TcBrA4_Chr12_142_853225_863592	TcBrA4_Chr17_ID=TcBrA4_0185670;description=dispersed_1	25.806	248	155	9	2596	2828	921	1154	5.43e-10	58.2	2944	3430
TcBrA4_Chr12_142_853225_863592	TcBrA4_Chr17_ID=TcBrA4_0185670;description=dispersed_1	34.921	126	78	4	2700	2822	1415	1539	1.37e-09	57.0	2944	3430
TcBrA4_Chr12_142_853225_863592	TcBrA4_Chr17_ID=TcBrA4_0185670;description=dispersed_1	27.984	243	150	11	1990	2210	2281	2520	5.01e-09	55.1	2944	3430
TcBrA4_Chr12_142_853225_863592	TcBrA4_Chr17_ID=TcBrA4_0185670;description=dispersed_1	27.011	348	160	14	2491	2827	93	357	2.61e-05	42.7	2944	3430
TcBrA4_Chr12_142_853225_863592	TcBrA4_Chr17_ID=TcBrA4_0185670;description=dispersed_1	27.737	137	88	5	2700	2828	1827	1960	2.97e-04	39.3	2944	3430
TcBrA4_Chr12_142_853225_863592	TcBrA4_Chr26_ID=TcBrA4_0185540;description=dispersed_1	49.890	2265	1065	27	44	2285	52	2269	0.0	1912	2944	3352
TcBrA4_Chr12_142_853225_863592	TcBrA4_Chr26_ID=TcBrA4_0185540;description=dispersed_1	56.103	426	170	7	2487	2903	2497	2914	5.05e-117	410	2944	3352
TcBrA4_Chr12_142_853225_863592	TcBrA4_Chr26_ID=TcBrA4_0185540;description=dispersed_1	23.545	2319	1389	100	78	2209	477	2598	1.75e-52	198	2944	3352
TcBrA4_Chr12_142_853225_863592	TcBrA4_Chr26_ID=TcBrA4_0185540;description=dispersed_1	24.283	1499	965	62	238	1639	1411	2836	1.67e-45	175	2944	3352
TcBrA4_Chr12_142_853225_863592	TcBrA4_Chr26_ID=TcBrA4_0185540;description=dispersed_1	22.756	2184	1332	86	61	2086	876	2862	5.05e-42	164	2944	3352
TcBrA4_Chr12_142_853225_863592	TcBrA4_Chr26_ID=TcBrA4_0185540;description=dispersed_1	27.606	355	232	9	2488	2827	2093	2437	4.14e-15	75.1	2944	3352
TcBrA4_Chr12_142_853225_863592	TcBrA4_Chr26_ID=TcBrA4_0185540;description=dispersed_1	26.648	349	220	13	2494	2827	132	459	3.46e-11	62.0	2944	3352
TcBrA4_Chr12_142_853225_863592	TcBrA4_Chr26_ID=TcBrA4_0185540;description=dispersed_1	26.190	210	139	5	2632	2826	1420	1628	1.00e-08	53.9	2944	3352
TcBrA4_Chr12_142_853225_863592	TcBrA4_Chr26_ID=TcBrA4_0185540;description=dispersed_1	22.630	327	216	10	2527	2827	552	867	7.44e-05	41.2	2944	3352
TcBrA4_Chr12_142_853225_863592	TcBrA4_Chr26_ID=TcBrA4_0185540;description=dispersed_1	46.667	45	20	2	2796	2836	2012	2056	9.49e-05	40.8	2944	3352
TcBrA4_Chr12_142_853225_863592	TcBrA4_Chr26_ID=TcBrA4_0185540;description=dispersed_1	56.098	41	16	2	2904	2944	2845	2883	1.38e-04	40.4	2944	3352
TcBrA4_Chr12_142_853225_863592	TcBrA4_Chr26_ID=TcBrA4_0185540;description=dispersed_1	25.683	183	85	7	2521	2654	951	1131	3.2	25.8	2944	3352
TcBrA4_Chr12_142_853225_863592	TcBrA4_Chr26_ID=TcBrA4_0185540;description=dispersed_1	23.684	190	91	6	2563	2745	2475	2617	8.3	24.6	2944	3352
TcBrA4_Chr2_157_1954875_1965313	TcBrA4_Chr11_ID=TcBrA4_0119650;description=dispersed_1	86.323	3451	467	2	1	3448	1	3449	0.0	5619	3448	3483
TcBrA4_Chr2_157_1954875_1965313	TcBrA4_Chr13_ID=TcBrA4_0185900;description=dispersed_1	85.371	3452	500	4	1	3448	1	3451	0.0	5583	3448	3483
TcBrA4_Chr2_157_1954875_1965313	TcBrA4_Chr14_ID=TcBrA4_0185530;description=dispersed_1	85.111	3432	504	4	22	3448	1	3430	0.0	5532	3448	3464
TcBrA4_Chr2_157_1954875_1965313	TcBrA4_Chr19_ID=TcBrA4_0185640;description=dispersed_1	84.586	3458	523	3	1	3448	1	3458	0.0	5469	3448	3483
TcBrA4_Chr2_157_1954875_1965313	TcBrA4_Chr30_ID=TcBrA4_0185550;description=dispersed_1	85.010	3429	510	4	22	3448	1	3427	0.0	5461	3448	3461
TcBrA4_Chr2_157_1954875_1965313	TcBrA4_Chr23_ID=TcBrA4_0185940;description=dispersed_1	84.526	3451	524	6	1	3448	1	3444	0.0	5451	3448	3475
TcBrA4_Chr2_157_1954875_1965313	TcBrA4_Chr1_ID=TcBrA4_0185590;description=dispersed_1	84.810	3430	516	4	22	3448	1	3428	0.0	5446	3448	3460
TcBrA4_Chr2_157_1954875_1965313	TcBrA4_Chr28_ID=TcBrA4_0185620;description=dispersed_1	84.553	3431	523	5	22	3448	1	3428	0.0	5439	3448	3462
TcBrA4_Chr2_157_1954875_1965313	TcBrA4_Chr19_ID=TcBrA4_0185650;description=dispersed_1	84.351	3457	531	5	1	3448	1	3456	0.0	5428	3448	3490
TcBrA4_Chr2_157_1954875_1965313	TcBrA4_Chr18_ID=TcBrA4_0185600;description=dispersed_1	84.848	3432	515	4	22	3448	1	3432	0.0	5423	3448	3467
TcBrA4_Chr2_157_1954875_1965313	TcBrA4_Chr32_ID=TcBrA4_0185630;description=dispersed_1	84.116	3450	540	6	1	3448	1	3444	0.0	5402	3448	3476
TcBrA4_Chr2_157_1954875_1965313	TcBrA4_Chr22_ID=TcBrA4_0185560;description=dispersed_1	84.111	3449	541	3	1	3443	1	3448	0.0	5400	3448	3466
TcBrA4_Chr2_157_1954875_1965313	TcBrA4_Chr7_ID=TcBrA4_0185660;description=dispersed_1	84.178	3432	535	4	22	3448	1	3429	0.0	5399	3448	3463
TcBrA4_Chr2_157_1954875_1965313	TcBrA4_Chr24_ID=TcBrA4_0185570;description=dispersed_1	81.887	3456	590	7	22	3448	1	3449	0.0	5357	3448	3500
TcBrA4_Chr2_157_1954875_1965313	TcBrA4_Chr1_ID=TcBrA4_0185580;description=dispersed_1	84.189	3428	527	4	22	3448	1	3414	0.0	5340	3448	3449
TcBrA4_Chr2_157_1954875_1965313	TcBrA4_Chr3_ID=TcBrA4_0185610;description=dispersed_1	84.369	3429	534	2	22	3448	1	3429	0.0	5311	3448	3464
TcBrA4_Chr2_157_1954875_1965313	TcBrA4_Chr17_ID=TcBrA4_0185670;description=dispersed_1	78.724	3464	615	13	22	3448	1	3379	0.0	5112	3448	3430
TcBrA4_Chr2_157_1954875_1965313	TcBrA4_Chr1_ID=TcBrA4_0185990;description=dispersed_1	83.668	3141	504	6	22	3159	1	3135	0.0	4936	3448	3137
TcBrA4_Chr2_157_1954875_1965313	TcBrA4_Chr11_ID=TcBrA4_0119980;description=dispersed_1	85.562	2916	414	3	1	2909	1	2916	0.0	4699	3448	2917
TcBrA4_Chr2_157_1954875_1965313	TcBrA4_Chr17_ID=TcBrA4_0186020;description=dispersed_1	80.919	2893	537	7	22	2905	1	2887	0.0	4439	3448	2901
TcBrA4_Chr2_157_1954875_1965313	TcBrA4_Chr26_ID=TcBrA4_0185540;description=dispersed_1	53.427	2903	1267	35	48	2916	55	2906	0.0	2706	3448	3352
TcBrA4_Chr2_157_1954875_1965313	TcBrA4_Chr26_ID=TcBrA4_0185540;description=dispersed_1	63.783	497	175	4	2928	3422	2845	3338	1.63e-173	596	3448	3352
TcBrA4_Chr21_166_780845_791260	TcBrA4_Chr14_ID=TcBrA4_0185530;description=dispersed_1	84.828	3434	503	11	1	3420	1	3430	0.0	5481	3420	3464
TcBrA4_Chr21_166_780845_791260	TcBrA4_Chr13_ID=TcBrA4_0185900;description=dispersed_1	84.774	3435	503	11	1	3420	22	3451	0.0	5467	3420	3483
TcBrA4_Chr21_166_780845_791260	TcBrA4_Chr18_ID=TcBrA4_0185600;description=dispersed_1	85.294	3434	489	9	1	3420	1	3432	0.0	5465	3420	3467
TcBrA4_Chr21_166_780845_791260	TcBrA4_Chr1_ID=TcBrA4_0185590;description=dispersed_1	85.131	3430	498	7	1	3420	1	3428	0.0	5447	3420	3460
TcBrA4_Chr21_166_780845_791260	TcBrA4_Chr30_ID=TcBrA4_0185550;description=dispersed_1	84.645	3432	510	7	1	3420	1	3427	0.0	5432	3420	3461
TcBrA4_Chr21_166_780845_791260	TcBrA4_Chr19_ID=TcBrA4_0185640;description=dispersed_1	84.647	3439	507	9	1	3420	22	3458	0.0	5430	3420	3483
TcBrA4_Chr21_166_780845_791260	TcBrA4_Chr23_ID=TcBrA4_0185940;description=dispersed_1	84.627	3428	514	8	1	3420	22	3444	0.0	5429	3420	3475
TcBrA4_Chr21_166_780845_791260	TcBrA4_Chr28_ID=TcBrA4_0185620;description=dispersed_1	84.674	3432	510	8	1	3420	1	3428	0.0	5428	3420	3462
TcBrA4_Chr21_166_780845_791260	TcBrA4_Chr11_ID=TcBrA4_0119650;description=dispersed_1	84.499	3432	516	9	1	3420	22	3449	0.0	5398	3420	3483
TcBrA4_Chr21_166_780845_791260	TcBrA4_Chr7_ID=TcBrA4_0185660;description=dispersed_1	84.499	3432	517	8	1	3420	1	3429	0.0	5388	3420	3463
TcBrA4_Chr21_166_780845_791260	TcBrA4_Chr19_ID=TcBrA4_0185650;description=dispersed_1	84.322	3438	518	9	1	3420	22	3456	0.0	5378	3420	3490
TcBrA4_Chr21_166_780845_791260	TcBrA4_Chr22_ID=TcBrA4_0185560;description=dispersed_1	84.223	3429	525	7	1	3415	22	3448	0.0	5353	3420	3466
TcBrA4_Chr21_166_780845_791260	TcBrA4_Chr32_ID=TcBrA4_0185630;description=dispersed_1	83.737	3431	535	11	3	3420	24	3444	0.0	5335	3420	3476
TcBrA4_Chr21_166_780845_791260	TcBrA4_Chr1_ID=TcBrA4_0185580;description=dispersed_1	84.227	3430	515	10	1	3420	1	3414	0.0	5332	3420	3449
TcBrA4_Chr21_166_780845_791260	TcBrA4_Chr24_ID=TcBrA4_0185570;description=dispersed_1	81.411	3459	594	12	1	3420	1	3449	0.0	5288	3420	3500
TcBrA4_Chr21_166_780845_791260	TcBrA4_Chr3_ID=TcBrA4_0185610;description=dispersed_1	84.008	3433	532	9	1	3420	1	3429	0.0	5279	3420	3464
TcBrA4_Chr21_166_780845_791260	TcBrA4_Chr17_ID=TcBrA4_0185670;description=dispersed_1	78.499	3465	614	20	1	3420	1	3379	0.0	5065	3420	3430
TcBrA4_Chr21_166_780845_791260	TcBrA4_Chr1_ID=TcBrA4_0185990;description=dispersed_1	85.255	3140	449	8	1	3131	1	3135	0.0	5026	3420	3137
TcBrA4_Chr21_166_780845_791260	TcBrA4_Chr11_ID=TcBrA4_0119980;description=dispersed_1	82.907	2896	480	7	1	2882	22	2916	0.0	4513	3420	2917
TcBrA4_Chr21_166_780845_791260	TcBrA4_Chr17_ID=TcBrA4_0186020;description=dispersed_1	79.724	2895	562	10	1	2878	1	2887	0.0	4371	3420	2901
TcBrA4_Chr21_166_780845_791260	TcBrA4_Chr26_ID=TcBrA4_0185540;description=dispersed_1	54.130	2845	1227	34	27	2843	56	2850	0.0	2685	3420	3352
TcBrA4_Chr21_166_780845_791260	TcBrA4_Chr26_ID=TcBrA4_0185540;description=dispersed_1	63.179	497	178	4	2900	3394	2845	3338	2.13e-171	589	3420	3352
