file	ID	Length	GC_Content
TcruziDm28c2018	PRFA01000001	1645565	0.528
TcruziDm28c2018	PRFA01000002	1352947	0.484
TcruziDm28c2018	PRFA01000003	1227947	0.537
TcruziDm28c2018	PRFA01000004	943259	0.479
TcruziDm28c2018	PRFA01000005	917542	0.528
TcruziDm28c2018	PRFA01000006	814295	0.513
TcruziDm28c2018	PRFA01000007	765515	0.471
TcruziDm28c2018	PRFA01000008	744599	0.504
TcruziDm28c2018	PRFA01000009	684680	0.509
TcruziDm28c2018	PRFA01000010	619240	0.519
TcruziDm28c2018	PRFA01000011	599870	0.514
TcruziDm28c2018	PRFA01000012	595721	0.505
TcruziDm28c2018	PRFA01000013	569744	0.496
TcruziDm28c2018	PRFA01000014	561960	0.484
TcruziDm28c2018	PRFA01000015	561800	0.538
TcruziDm28c2018	PRFA01000016	558959	0.502
TcruziDm28c2018	PRFA01000017	552463	0.483
TcruziDm28c2018	PRFA01000018	549721	0.477
TcruziDm28c2018	PRFA01000019	536809	0.479
TcruziDm28c2018	PRFA01000020	533751	0.507
TcruziDm28c2018	PRFA01000021	518462	0.509
TcruziDm28c2018	PRFA01000022	496439	0.497
TcruziDm28c2018	PRFA01000023	492210	0.48
TcruziDm28c2018	PRFA01000024	489592	0.519
TcruziDm28c2018	PRFA01000025	489492	0.502
TcruziDm28c2018	PRFA01000026	460657	0.516
TcruziDm28c2018	PRFA01000027	458025	0.519
TcruziDm28c2018	PRFA01000028	455168	0.511
TcruziDm28c2018	PRFA01000029	445262	0.54
TcruziDm28c2018	PRFA01000030	440675	0.506
TcruziDm28c2018	PRFA01000031	436297	0.495
TcruziDm28c2018	PRFA01000032	431833	0.517
TcruziDm28c2018	PRFA01000033	427897	0.539
TcruziDm28c2018	PRFA01000034	424307	0.529
TcruziDm28c2018	PRFA01000035	415172	0.54
TcruziDm28c2018	PRFA01000036	412616	0.54
TcruziDm28c2018	PRFA01000037	408870	0.536
TcruziDm28c2018	PRFA01000038	406070	0.516
TcruziDm28c2018	PRFA01000039	405435	0.531
TcruziDm28c2018	PRFA01000040	393498	0.516
TcruziDm28c2018	PRFA01000041	379716	0.519
TcruziDm28c2018	PRFA01000042	371940	0.505
TcruziDm28c2018	PRFA01000043	357876	0.505
TcruziDm28c2018	PRFA01000044	354706	0.511
TcruziDm28c2018	PRFA01000045	341805	0.502
TcruziDm28c2018	PRFA01000046	329870	0.489
TcruziDm28c2018	PRFA01000047	317638	0.496
TcruziDm28c2018	PRFA01000048	311835	0.496
TcruziDm28c2018	PRFA01000049	309448	0.523
TcruziDm28c2018	PRFA01000050	300365	0.536
TcruziDm28c2018	PRFA01000051	296373	0.535
TcruziDm28c2018	PRFA01000052	277575	0.496
TcruziDm28c2018	PRFA01000053	269165	0.535
TcruziDm28c2018	PRFA01000054	252050	0.492
TcruziDm28c2018	PRFA01000055	250839	0.517
TcruziDm28c2018	PRFA01000056	243365	0.509
TcruziDm28c2018	PRFA01000057	241482	0.51
TcruziDm28c2018	PRFA01000058	237885	0.526
TcruziDm28c2018	PRFA01000059	233217	0.528
TcruziDm28c2018	PRFA01000060	231222	0.514
TcruziDm28c2018	PRFA01000061	228181	0.512
TcruziDm28c2018	PRFA01000062	227065	0.532
TcruziDm28c2018	PRFA01000063	226453	0.483
TcruziDm28c2018	PRFA01000064	224184	0.546
TcruziDm28c2018	PRFA01000065	220336	0.547
TcruziDm28c2018	PRFA01000066	215423	0.545
TcruziDm28c2018	PRFA01000067	201179	0.545
TcruziDm28c2018	PRFA01000068	198814	0.524
TcruziDm28c2018	PRFA01000069	197498	0.518
TcruziDm28c2018	PRFA01000070	195613	0.483
TcruziDm28c2018	PRFA01000071	186530	0.554
TcruziDm28c2018	PRFA01000072	185958	0.52
TcruziDm28c2018	PRFA01000073	182100	0.539
TcruziDm28c2018	PRFA01000074	177620	0.532
TcruziDm28c2018	PRFA01000075	171988	0.527
TcruziDm28c2018	PRFA01000076	162151	0.508
TcruziDm28c2018	PRFA01000077	157857	0.552
TcruziDm28c2018	PRFA01000078	154159	0.509
TcruziDm28c2018	PRFA01000079	151148	0.504
TcruziDm28c2018	PRFA01000080	146472	0.49
TcruziDm28c2018	PRFA01000081	142675	0.498
TcruziDm28c2018	PRFA01000082	141192	0.577
TcruziDm28c2018	PRFA01000083	136679	0.502
TcruziDm28c2018	PRFA01000084	136200	0.485
TcruziDm28c2018	PRFA01000085	135958	0.505
TcruziDm28c2018	PRFA01000086	131295	0.53
TcruziDm28c2018	PRFA01000087	128791	0.532
TcruziDm28c2018	PRFA01000088	128467	0.536
TcruziDm28c2018	PRFA01000089	127860	0.509
TcruziDm28c2018	PRFA01000090	126606	0.534
TcruziDm28c2018	PRFA01000091	126347	0.533
TcruziDm28c2018	PRFA01000092	125848	0.548
TcruziDm28c2018	PRFA01000093	123762	0.513
TcruziDm28c2018	PRFA01000094	121008	0.534
TcruziDm28c2018	PRFA01000095	120947	0.505
TcruziDm28c2018	PRFA01000096	119252	0.54
TcruziDm28c2018	PRFA01000097	117585	0.501
TcruziDm28c2018	PRFA01000098	117226	0.557
TcruziDm28c2018	PRFA01000099	117130	0.529
TcruziDm28c2018	PRFA01000100	116202	0.56
TcruziDm28c2018	PRFA01000101	115330	0.513
TcruziDm28c2018	PRFA01000102	111684	0.506
TcruziDm28c2018	PRFA01000103	109933	0.535
TcruziDm28c2018	PRFA01000104	109879	0.532
TcruziDm28c2018	PRFA01000105	105980	0.524
TcruziDm28c2018	PRFA01000106	105064	0.513
TcruziDm28c2018	PRFA01000107	104216	0.526
TcruziDm28c2018	PRFA01000108	103529	0.564
TcruziDm28c2018	PRFA01000109	102474	0.544
TcruziDm28c2018	PRFA01000110	101378	0.571
TcruziDm28c2018	PRFA01000111	100889	0.547
TcruziDm28c2018	PRFA01000112	100672	0.483
TcruziDm28c2018	PRFA01000113	100102	0.495
TcruziDm28c2018	PRFA01000114	98936	0.514
TcruziDm28c2018	PRFA01000115	95066	0.536
TcruziDm28c2018	PRFA01000116	94539	0.498
TcruziDm28c2018	PRFA01000117	93844	0.525
TcruziDm28c2018	PRFA01000118	93797	0.516
TcruziDm28c2018	PRFA01000119	93011	0.525
TcruziDm28c2018	PRFA01000120	92207	0.531
TcruziDm28c2018	PRFA01000121	91916	0.524
TcruziDm28c2018	PRFA01000122	91831	0.494
TcruziDm28c2018	PRFA01000123	91212	0.517
TcruziDm28c2018	PRFA01000124	90898	0.507
TcruziDm28c2018	PRFA01000125	90772	0.532
TcruziDm28c2018	PRFA01000126	90027	0.536
TcruziDm28c2018	PRFA01000127	89257	0.522
TcruziDm28c2018	PRFA01000128	88877	0.529
TcruziDm28c2018	PRFA01000129	87660	0.534
TcruziDm28c2018	PRFA01000130	86238	0.535
TcruziDm28c2018	PRFA01000131	85665	0.56
TcruziDm28c2018	PRFA01000132	83291	0.521
TcruziDm28c2018	PRFA01000133	82788	0.517
TcruziDm28c2018	PRFA01000134	81803	0.539
TcruziDm28c2018	PRFA01000135	80755	0.507
TcruziDm28c2018	PRFA01000136	80327	0.529
TcruziDm28c2018	PRFA01000137	79637	0.537
TcruziDm28c2018	PRFA01000138	78247	0.527
TcruziDm28c2018	PRFA01000139	77487	0.534
TcruziDm28c2018	PRFA01000140	76450	0.533
TcruziDm28c2018	PRFA01000141	75584	0.525
TcruziDm28c2018	PRFA01000142	75262	0.472
TcruziDm28c2018	PRFA01000143	74987	0.524
TcruziDm28c2018	PRFA01000144	74128	0.54
TcruziDm28c2018	PRFA01000145	73478	0.509
TcruziDm28c2018	PRFA01000146	72978	0.531
TcruziDm28c2018	PRFA01000147	71857	0.517
TcruziDm28c2018	PRFA01000148	71414	0.493
TcruziDm28c2018	PRFA01000149	71224	0.533
TcruziDm28c2018	PRFA01000150	70969	0.505
TcruziDm28c2018	PRFA01000151	70130	0.515
TcruziDm28c2018	PRFA01000152	70000	0.52
TcruziDm28c2018	PRFA01000153	69764	0.517
TcruziDm28c2018	PRFA01000154	69369	0.547
TcruziDm28c2018	PRFA01000155	69106	0.559
TcruziDm28c2018	PRFA01000156	68896	0.502
TcruziDm28c2018	PRFA01000157	68554	0.512
TcruziDm28c2018	PRFA01000158	66189	0.537
TcruziDm28c2018	PRFA01000159	65342	0.533
TcruziDm28c2018	PRFA01000160	64964	0.51
TcruziDm28c2018	PRFA01000161	63574	0.523
TcruziDm28c2018	PRFA01000162	63499	0.488
TcruziDm28c2018	PRFA01000163	63430	0.498
TcruziDm28c2018	PRFA01000164	63247	0.523
TcruziDm28c2018	PRFA01000165	63116	0.515
TcruziDm28c2018	PRFA01000166	62710	0.539
TcruziDm28c2018	PRFA01000167	61567	0.552
TcruziDm28c2018	PRFA01000168	60185	0.499
TcruziDm28c2018	PRFA01000169	59396	0.533
TcruziDm28c2018	PRFA01000170	58318	0.493
TcruziDm28c2018	PRFA01000171	57990	0.492
TcruziDm28c2018	PRFA01000172	57514	0.54
TcruziDm28c2018	PRFA01000173	57097	0.529
TcruziDm28c2018	PRFA01000174	56960	0.551
TcruziDm28c2018	PRFA01000175	56449	0.509
TcruziDm28c2018	PRFA01000176	56430	0.527
TcruziDm28c2018	PRFA01000177	56393	0.56
TcruziDm28c2018	PRFA01000178	56303	0.607
TcruziDm28c2018	PRFA01000179	56295	0.577
TcruziDm28c2018	PRFA01000180	55633	0.533
TcruziDm28c2018	PRFA01000181	55547	0.527
TcruziDm28c2018	PRFA01000182	55299	0.612
TcruziDm28c2018	PRFA01000183	55158	0.534
TcruziDm28c2018	PRFA01000184	54678	0.494
TcruziDm28c2018	PRFA01000185	54261	0.532
TcruziDm28c2018	PRFA01000186	53938	0.507
TcruziDm28c2018	PRFA01000187	53684	0.529
TcruziDm28c2018	PRFA01000188	53508	0.557
TcruziDm28c2018	PRFA01000189	53114	0.507
TcruziDm28c2018	PRFA01000190	53101	0.466
TcruziDm28c2018	PRFA01000191	52432	0.532
TcruziDm28c2018	PRFA01000192	50430	0.489
TcruziDm28c2018	PRFA01000193	50084	0.502
TcruziDm28c2018	PRFA01000194	49410	0.537
TcruziDm28c2018	PRFA01000195	49112	0.53
TcruziDm28c2018	PRFA01000196	48738	0.527
TcruziDm28c2018	PRFA01000197	48609	0.513
TcruziDm28c2018	PRFA01000198	48585	0.533
TcruziDm28c2018	PRFA01000199	48372	0.523
TcruziDm28c2018	PRFA01000200	47770	0.556
TcruziDm28c2018	PRFA01000201	47585	0.552
TcruziDm28c2018	PRFA01000202	47465	0.575
TcruziDm28c2018	PRFA01000203	47330	0.603
TcruziDm28c2018	PRFA01000204	47229	0.506
TcruziDm28c2018	PRFA01000205	47184	0.57
TcruziDm28c2018	PRFA01000206	46957	0.484
TcruziDm28c2018	PRFA01000207	46552	0.475
TcruziDm28c2018	PRFA01000208	46473	0.549
TcruziDm28c2018	PRFA01000209	46444	0.505
TcruziDm28c2018	PRFA01000210	46437	0.541
TcruziDm28c2018	PRFA01000211	46074	0.583
TcruziDm28c2018	PRFA01000212	45936	0.495
TcruziDm28c2018	PRFA01000213	45683	0.547
TcruziDm28c2018	PRFA01000214	45290	0.547
TcruziDm28c2018	PRFA01000215	45040	0.534
TcruziDm28c2018	PRFA01000216	44508	0.515
TcruziDm28c2018	PRFA01000217	44298	0.506
TcruziDm28c2018	PRFA01000218	44234	0.509
TcruziDm28c2018	PRFA01000219	43751	0.581
TcruziDm28c2018	PRFA01000220	43594	0.481
TcruziDm28c2018	PRFA01000221	43544	0.466
TcruziDm28c2018	PRFA01000222	43313	0.542
TcruziDm28c2018	PRFA01000223	42845	0.545
TcruziDm28c2018	PRFA01000224	42423	0.541
TcruziDm28c2018	PRFA01000225	42281	0.591
TcruziDm28c2018	PRFA01000226	42161	0.549
TcruziDm28c2018	PRFA01000227	41571	0.497
TcruziDm28c2018	PRFA01000228	41162	0.575
TcruziDm28c2018	PRFA01000229	41122	0.504
TcruziDm28c2018	PRFA01000230	41053	0.477
TcruziDm28c2018	PRFA01000231	41042	0.542
TcruziDm28c2018	PRFA01000232	40958	0.522
TcruziDm28c2018	PRFA01000233	40736	0.466
TcruziDm28c2018	PRFA01000234	40682	0.477
TcruziDm28c2018	PRFA01000235	40525	0.466
TcruziDm28c2018	PRFA01000236	40405	0.56
TcruziDm28c2018	PRFA01000237	40258	0.588
TcruziDm28c2018	PRFA01000238	40020	0.462
TcruziDm28c2018	PRFA01000239	39674	0.507
TcruziDm28c2018	PRFA01000240	39664	0.562
TcruziDm28c2018	PRFA01000241	39475	0.551
TcruziDm28c2018	PRFA01000242	39042	0.489
TcruziDm28c2018	PRFA01000243	38689	0.503
TcruziDm28c2018	PRFA01000244	38667	0.492
TcruziDm28c2018	PRFA01000245	38662	0.509
TcruziDm28c2018	PRFA01000246	38604	0.519
TcruziDm28c2018	PRFA01000247	38281	0.54
TcruziDm28c2018	PRFA01000248	38158	0.468
TcruziDm28c2018	PRFA01000249	37972	0.54
TcruziDm28c2018	PRFA01000250	37781	0.506
TcruziDm28c2018	PRFA01000251	37517	0.518
TcruziDm28c2018	PRFA01000252	37511	0.471
TcruziDm28c2018	PRFA01000253	37343	0.484
TcruziDm28c2018	PRFA01000254	37186	0.562
TcruziDm28c2018	PRFA01000255	37018	0.52
TcruziDm28c2018	PRFA01000256	36596	0.554
TcruziDm28c2018	PRFA01000257	36522	0.538
TcruziDm28c2018	PRFA01000258	36438	0.512
TcruziDm28c2018	PRFA01000259	36113	0.501
TcruziDm28c2018	PRFA01000260	35630	0.518
TcruziDm28c2018	PRFA01000261	35598	0.497
TcruziDm28c2018	PRFA01000262	35334	0.542
TcruziDm28c2018	PRFA01000263	35095	0.468
TcruziDm28c2018	PRFA01000264	34921	0.5
TcruziDm28c2018	PRFA01000265	34679	0.576
TcruziDm28c2018	PRFA01000266	34565	0.518
TcruziDm28c2018	PRFA01000267	34554	0.514
TcruziDm28c2018	PRFA01000268	34465	0.514
TcruziDm28c2018	PRFA01000269	34324	0.507
TcruziDm28c2018	PRFA01000270	34292	0.529
TcruziDm28c2018	PRFA01000271	34203	0.527
TcruziDm28c2018	PRFA01000272	34079	0.559
TcruziDm28c2018	PRFA01000273	34000	0.547
TcruziDm28c2018	PRFA01000274	33825	0.558
TcruziDm28c2018	PRFA01000275	33690	0.5
TcruziDm28c2018	PRFA01000276	33646	0.534
TcruziDm28c2018	PRFA01000277	33632	0.581
TcruziDm28c2018	PRFA01000278	33438	0.445
TcruziDm28c2018	PRFA01000279	33326	0.516
TcruziDm28c2018	PRFA01000280	33285	0.51
TcruziDm28c2018	PRFA01000281	33004	0.466
TcruziDm28c2018	PRFA01000282	32922	0.529
TcruziDm28c2018	PRFA01000283	32874	0.521
TcruziDm28c2018	PRFA01000284	32788	0.596
TcruziDm28c2018	PRFA01000285	32784	0.506
TcruziDm28c2018	PRFA01000286	32513	0.478
TcruziDm28c2018	PRFA01000287	32433	0.484
TcruziDm28c2018	PRFA01000288	32240	0.558
TcruziDm28c2018	PRFA01000289	32102	0.482
TcruziDm28c2018	PRFA01000290	32090	0.562
TcruziDm28c2018	PRFA01000291	31875	0.51
TcruziDm28c2018	PRFA01000292	31842	0.503
TcruziDm28c2018	PRFA01000293	31750	0.466
TcruziDm28c2018	PRFA01000294	31723	0.535
TcruziDm28c2018	PRFA01000295	31692	0.501
TcruziDm28c2018	PRFA01000296	31437	0.549
TcruziDm28c2018	PRFA01000297	31384	0.464
TcruziDm28c2018	PRFA01000298	31355	0.524
TcruziDm28c2018	PRFA01000299	31317	0.535
TcruziDm28c2018	PRFA01000300	31291	0.529
TcruziDm28c2018	PRFA01000301	31242	0.514
TcruziDm28c2018	PRFA01000302	31219	0.572
TcruziDm28c2018	PRFA01000303	31188	0.538
TcruziDm28c2018	PRFA01000304	31175	0.485
TcruziDm28c2018	PRFA01000305	30957	0.529
TcruziDm28c2018	PRFA01000306	30920	0.535
TcruziDm28c2018	PRFA01000307	30855	0.522
TcruziDm28c2018	PRFA01000308	30658	0.542
TcruziDm28c2018	PRFA01000309	30492	0.523
TcruziDm28c2018	PRFA01000310	30458	0.5
TcruziDm28c2018	PRFA01000311	30443	0.522
TcruziDm28c2018	PRFA01000312	30433	0.517
TcruziDm28c2018	PRFA01000313	30402	0.535
TcruziDm28c2018	PRFA01000314	30393	0.465
TcruziDm28c2018	PRFA01000315	30352	0.547
TcruziDm28c2018	PRFA01000316	30330	0.503
TcruziDm28c2018	PRFA01000317	30270	0.573
TcruziDm28c2018	PRFA01000318	30269	0.505
TcruziDm28c2018	PRFA01000319	30199	0.504
TcruziDm28c2018	PRFA01000320	29933	0.497
TcruziDm28c2018	PRFA01000321	29932	0.556
TcruziDm28c2018	PRFA01000322	29907	0.522
TcruziDm28c2018	PRFA01000323	29347	0.486
TcruziDm28c2018	PRFA01000324	29203	0.515
TcruziDm28c2018	PRFA01000325	29104	0.514
TcruziDm28c2018	PRFA01000326	29083	0.537
TcruziDm28c2018	PRFA01000327	29048	0.507
TcruziDm28c2018	PRFA01000328	29001	0.556
TcruziDm28c2018	PRFA01000329	28969	0.5
TcruziDm28c2018	PRFA01000330	28762	0.549
TcruziDm28c2018	PRFA01000331	28562	0.562
TcruziDm28c2018	PRFA01000332	28371	0.537
TcruziDm28c2018	PRFA01000333	28360	0.55
TcruziDm28c2018	PRFA01000334	28351	0.551
TcruziDm28c2018	PRFA01000335	28338	0.498
TcruziDm28c2018	PRFA01000336	28133	0.522
TcruziDm28c2018	PRFA01000337	27899	0.539
TcruziDm28c2018	PRFA01000338	27596	0.525
TcruziDm28c2018	PRFA01000339	27577	0.471
TcruziDm28c2018	PRFA01000340	27395	0.523
TcruziDm28c2018	PRFA01000341	27378	0.523
TcruziDm28c2018	PRFA01000342	27332	0.503
TcruziDm28c2018	PRFA01000343	27191	0.558
TcruziDm28c2018	PRFA01000344	27153	0.508
TcruziDm28c2018	PRFA01000345	26915	0.527
TcruziDm28c2018	PRFA01000346	26911	0.506
TcruziDm28c2018	PRFA01000347	26878	0.528
TcruziDm28c2018	PRFA01000348	26865	0.516
TcruziDm28c2018	PRFA01000349	26350	0.504
TcruziDm28c2018	PRFA01000350	26331	0.514
TcruziDm28c2018	PRFA01000351	26240	0.495
TcruziDm28c2018	PRFA01000352	26176	0.533
TcruziDm28c2018	PRFA01000353	26032	0.56
TcruziDm28c2018	PRFA01000354	26030	0.468
TcruziDm28c2018	PRFA01000355	25854	0.512
TcruziDm28c2018	PRFA01000356	25783	0.593
TcruziDm28c2018	PRFA01000357	25767	0.486
TcruziDm28c2018	PRFA01000358	25766	0.541
TcruziDm28c2018	PRFA01000359	25463	0.556
TcruziDm28c2018	PRFA01000360	25441	0.518
TcruziDm28c2018	PRFA01000361	25381	0.538
TcruziDm28c2018	PRFA01000362	25344	0.573
TcruziDm28c2018	PRFA01000363	25180	0.502
TcruziDm28c2018	PRFA01000364	25099	0.511
TcruziDm28c2018	PRFA01000365	25030	0.538
TcruziDm28c2018	PRFA01000366	24940	0.513
TcruziDm28c2018	PRFA01000367	24899	0.526
TcruziDm28c2018	PRFA01000368	24780	0.5
TcruziDm28c2018	PRFA01000369	24711	0.519
TcruziDm28c2018	PRFA01000370	24678	0.522
TcruziDm28c2018	PRFA01000371	24606	0.517
TcruziDm28c2018	PRFA01000372	24543	0.59
TcruziDm28c2018	PRFA01000373	24310	0.505
TcruziDm28c2018	PRFA01000374	24309	0.507
TcruziDm28c2018	PRFA01000375	24271	0.57
TcruziDm28c2018	PRFA01000376	24193	0.508
TcruziDm28c2018	PRFA01000377	24084	0.529
TcruziDm28c2018	PRFA01000378	23802	0.507
TcruziDm28c2018	PRFA01000379	23725	0.512
TcruziDm28c2018	PRFA01000380	23642	0.509
TcruziDm28c2018	PRFA01000381	23618	0.505
TcruziDm28c2018	PRFA01000382	23461	0.488
TcruziDm28c2018	PRFA01000383	23377	0.503
TcruziDm28c2018	PRFA01000384	23325	0.554
TcruziDm28c2018	PRFA01000385	23260	0.502
TcruziDm28c2018	PRFA01000386	23227	0.56
TcruziDm28c2018	PRFA01000387	23125	0.533
TcruziDm28c2018	PRFA01000388	23071	0.505
TcruziDm28c2018	PRFA01000389	22913	0.537
TcruziDm28c2018	PRFA01000390	22708	0.512
TcruziDm28c2018	PRFA01000391	22494	0.482
TcruziDm28c2018	PRFA01000392	22482	0.509
TcruziDm28c2018	PRFA01000393	22462	0.498
TcruziDm28c2018	PRFA01000394	22438	0.508
TcruziDm28c2018	PRFA01000395	22225	0.536
TcruziDm28c2018	PRFA01000396	22188	0.473
TcruziDm28c2018	PRFA01000397	21942	0.524
TcruziDm28c2018	PRFA01000398	21879	0.507
TcruziDm28c2018	PRFA01000399	21834	0.551
TcruziDm28c2018	PRFA01000400	21785	0.503
TcruziDm28c2018	PRFA01000401	21731	0.523
TcruziDm28c2018	PRFA01000402	21722	0.593
TcruziDm28c2018	PRFA01000403	21684	0.52
TcruziDm28c2018	PRFA01000404	21669	0.51
TcruziDm28c2018	PRFA01000405	21613	0.501
TcruziDm28c2018	PRFA01000406	21600	0.531
TcruziDm28c2018	PRFA01000407	21587	0.502
TcruziDm28c2018	PRFA01000408	21546	0.528
TcruziDm28c2018	PRFA01000409	21469	0.581
TcruziDm28c2018	PRFA01000410	21420	0.511
TcruziDm28c2018	PRFA01000411	21389	0.544
TcruziDm28c2018	PRFA01000412	21250	0.506
TcruziDm28c2018	PRFA01000413	21129	0.496
TcruziDm28c2018	PRFA01000414	21101	0.584
TcruziDm28c2018	PRFA01000415	21050	0.501
TcruziDm28c2018	PRFA01000416	21030	0.486
TcruziDm28c2018	PRFA01000417	20997	0.551
TcruziDm28c2018	PRFA01000418	20919	0.499
TcruziDm28c2018	PRFA01000419	20856	0.523
TcruziDm28c2018	PRFA01000420	20809	0.505
TcruziDm28c2018	PRFA01000421	20697	0.515
TcruziDm28c2018	PRFA01000422	20635	0.527
TcruziDm28c2018	PRFA01000423	20531	0.524
TcruziDm28c2018	PRFA01000424	20512	0.5
TcruziDm28c2018	PRFA01000425	20324	0.541
TcruziDm28c2018	PRFA01000426	19987	0.511
TcruziDm28c2018	PRFA01000427	19982	0.528
TcruziDm28c2018	PRFA01000428	19840	0.508
TcruziDm28c2018	PRFA01000429	19736	0.507
TcruziDm28c2018	PRFA01000430	19733	0.598
TcruziDm28c2018	PRFA01000431	19519	0.557
TcruziDm28c2018	PRFA01000432	19255	0.505
TcruziDm28c2018	PRFA01000433	19209	0.511
TcruziDm28c2018	PRFA01000434	19150	0.514
TcruziDm28c2018	PRFA01000435	19108	0.51
TcruziDm28c2018	PRFA01000436	19001	0.519
TcruziDm28c2018	PRFA01000437	18930	0.509
TcruziDm28c2018	PRFA01000438	18894	0.514
TcruziDm28c2018	PRFA01000439	18858	0.499
TcruziDm28c2018	PRFA01000440	18816	0.51
TcruziDm28c2018	PRFA01000441	18798	0.509
TcruziDm28c2018	PRFA01000442	18761	0.467
TcruziDm28c2018	PRFA01000443	18760	0.521
TcruziDm28c2018	PRFA01000444	18756	0.506
TcruziDm28c2018	PRFA01000445	18649	0.508
TcruziDm28c2018	PRFA01000446	18646	0.499
TcruziDm28c2018	PRFA01000447	18626	0.567
TcruziDm28c2018	PRFA01000448	18510	0.489
TcruziDm28c2018	PRFA01000449	18375	0.5
TcruziDm28c2018	PRFA01000450	18364	0.508
TcruziDm28c2018	PRFA01000451	18359	0.536
TcruziDm28c2018	PRFA01000452	18297	0.512
TcruziDm28c2018	PRFA01000453	18025	0.504
TcruziDm28c2018	PRFA01000454	17857	0.504
TcruziDm28c2018	PRFA01000455	17770	0.554
TcruziDm28c2018	PRFA01000456	17656	0.504
TcruziDm28c2018	PRFA01000457	17619	0.578
TcruziDm28c2018	PRFA01000458	17459	0.491
TcruziDm28c2018	PRFA01000459	17424	0.544
TcruziDm28c2018	PRFA01000460	17401	0.511
TcruziDm28c2018	PRFA01000461	17270	0.512
TcruziDm28c2018	PRFA01000462	17145	0.543
TcruziDm28c2018	PRFA01000463	17056	0.537
TcruziDm28c2018	PRFA01000464	17033	0.502
TcruziDm28c2018	PRFA01000465	16993	0.508
TcruziDm28c2018	PRFA01000466	16881	0.502
TcruziDm28c2018	PRFA01000467	16861	0.541
TcruziDm28c2018	PRFA01000468	16819	0.501
TcruziDm28c2018	PRFA01000469	16714	0.56
TcruziDm28c2018	PRFA01000470	16514	0.472
TcruziDm28c2018	PRFA01000471	16447	0.458
TcruziDm28c2018	PRFA01000472	16386	0.501
TcruziDm28c2018	PRFA01000473	16314	0.511
TcruziDm28c2018	PRFA01000474	16237	0.531
TcruziDm28c2018	PRFA01000475	16201	0.503
TcruziDm28c2018	PRFA01000476	16137	0.458
TcruziDm28c2018	PRFA01000477	16118	0.506
TcruziDm28c2018	PRFA01000478	16086	0.516
TcruziDm28c2018	PRFA01000479	16075	0.497
TcruziDm28c2018	PRFA01000480	16038	0.593
TcruziDm28c2018	PRFA01000481	15931	0.568
TcruziDm28c2018	PRFA01000482	15906	0.507
TcruziDm28c2018	PRFA01000483	15877	0.503
TcruziDm28c2018	PRFA01000484	15849	0.5
TcruziDm28c2018	PRFA01000485	15846	0.535
TcruziDm28c2018	PRFA01000486	15750	0.505
TcruziDm28c2018	PRFA01000487	15726	0.514
TcruziDm28c2018	PRFA01000488	15709	0.544
TcruziDm28c2018	PRFA01000489	15695	0.509
TcruziDm28c2018	PRFA01000490	15684	0.506
TcruziDm28c2018	PRFA01000491	15653	0.533
TcruziDm28c2018	PRFA01000492	15486	0.532
TcruziDm28c2018	PRFA01000493	15300	0.502
TcruziDm28c2018	PRFA01000494	15049	0.51
TcruziDm28c2018	PRFA01000495	14990	0.462
TcruziDm28c2018	PRFA01000496	14963	0.502
TcruziDm28c2018	PRFA01000497	14931	0.516
TcruziDm28c2018	PRFA01000498	14663	0.517
TcruziDm28c2018	PRFA01000499	14596	0.469
TcruziDm28c2018	PRFA01000500	14128	0.437
TcruziDm28c2018	PRFA01000501	14118	0.537
TcruziDm28c2018	PRFA01000502	14055	0.514
TcruziDm28c2018	PRFA01000503	13978	0.499
TcruziDm28c2018	PRFA01000504	13945	0.615
TcruziDm28c2018	PRFA01000505	13940	0.513
TcruziDm28c2018	PRFA01000506	13588	0.502
TcruziDm28c2018	PRFA01000507	13410	0.558
TcruziDm28c2018	PRFA01000508	13275	0.502
TcruziDm28c2018	PRFA01000509	13209	0.501
TcruziDm28c2018	PRFA01000510	13112	0.503
TcruziDm28c2018	PRFA01000511	13059	0.465
TcruziDm28c2018	PRFA01000512	12938	0.5
TcruziDm28c2018	PRFA01000513	12794	0.483
TcruziDm28c2018	PRFA01000514	12775	0.512
TcruziDm28c2018	PRFA01000515	12735	0.504
TcruziDm28c2018	PRFA01000516	12715	0.509
TcruziDm28c2018	PRFA01000517	12623	0.502
TcruziDm28c2018	PRFA01000518	12261	0.5
TcruziDm28c2018	PRFA01000519	12117	0.506
TcruziDm28c2018	PRFA01000520	12088	0.505
TcruziDm28c2018	PRFA01000521	12059	0.506
TcruziDm28c2018	PRFA01000522	12025	0.468
TcruziDm28c2018	PRFA01000523	11994	0.505
TcruziDm28c2018	PRFA01000524	11962	0.502
TcruziDm28c2018	PRFA01000525	11937	0.521
TcruziDm28c2018	PRFA01000526	11848	0.518
TcruziDm28c2018	PRFA01000527	11725	0.5
TcruziDm28c2018	PRFA01000528	11672	0.478
TcruziDm28c2018	PRFA01000529	11600	0.509
TcruziDm28c2018	PRFA01000530	11568	0.451
TcruziDm28c2018	PRFA01000531	11539	0.509
TcruziDm28c2018	PRFA01000532	11495	0.5
TcruziDm28c2018	PRFA01000533	11360	0.596
TcruziDm28c2018	PRFA01000534	11328	0.503
TcruziDm28c2018	PRFA01000535	11169	0.501
TcruziDm28c2018	PRFA01000536	11048	0.519
TcruziDm28c2018	PRFA01000537	10954	0.518
TcruziDm28c2018	PRFA01000538	10932	0.512
TcruziDm28c2018	PRFA01000539	10873	0.502
TcruziDm28c2018	PRFA01000540	10762	0.514
TcruziDm28c2018	PRFA01000541	10735	0.502
TcruziDm28c2018	PRFA01000542	10689	0.503
TcruziDm28c2018	PRFA01000543	10686	0.507
TcruziDm28c2018	PRFA01000544	10616	0.579
TcruziDm28c2018	PRFA01000545	10584	0.52
TcruziDm28c2018	PRFA01000546	10515	0.513
TcruziDm28c2018	PRFA01000547	10472	0.502
TcruziDm28c2018	PRFA01000548	10432	0.511
TcruziDm28c2018	PRFA01000549	10316	0.464
TcruziDm28c2018	PRFA01000550	10214	0.576
TcruziDm28c2018	PRFA01000551	10132	0.505
TcruziDm28c2018	PRFA01000552	10102	0.512
TcruziDm28c2018	PRFA01000553	10101	0.479
TcruziDm28c2018	PRFA01000554	10009	0.707
TcruziDm28c2018	PRFA01000555	9847	0.499
TcruziDm28c2018	PRFA01000556	9823	0.507
TcruziDm28c2018	PRFA01000557	9594	0.503
TcruziDm28c2018	PRFA01000558	9578	0.51
TcruziDm28c2018	PRFA01000559	9405	0.51
TcruziDm28c2018	PRFA01000560	9300	0.516
TcruziDm28c2018	PRFA01000561	9285	0.514
TcruziDm28c2018	PRFA01000562	9149	0.5
TcruziDm28c2018	PRFA01000563	8988	0.606
TcruziDm28c2018	PRFA01000564	8864	0.502
TcruziDm28c2018	PRFA01000565	8837	0.505
TcruziDm28c2018	PRFA01000566	8829	0.5
TcruziDm28c2018	PRFA01000567	8598	0.507
TcruziDm28c2018	PRFA01000568	8429	0.51
TcruziDm28c2018	PRFA01000569	8408	0.505
TcruziDm28c2018	PRFA01000570	8385	0.5
TcruziDm28c2018	PRFA01000571	8377	0.492
TcruziDm28c2018	PRFA01000572	8323	0.503
TcruziDm28c2018	PRFA01000573	8250	0.499
TcruziDm28c2018	PRFA01000574	8241	0.5
TcruziDm28c2018	PRFA01000575	8120	0.588
TcruziDm28c2018	PRFA01000576	8010	0.507
TcruziDm28c2018	PRFA01000577	7568	0.47
TcruziDm28c2018	PRFA01000578	7555	0.504
TcruziDm28c2018	PRFA01000579	7476	0.506
TcruziDm28c2018	PRFA01000580	7464	0.497
TcruziDm28c2018	PRFA01000581	7426	0.477
TcruziDm28c2018	PRFA01000582	7418	0.512
TcruziDm28c2018	PRFA01000583	7266	0.557
TcruziDm28c2018	PRFA01000584	7100	0.509
TcruziDm28c2018	PRFA01000585	7095	0.509
TcruziDm28c2018	PRFA01000586	6863	0.5
TcruziDm28c2018	PRFA01000587	6314	0.498
TcruziDm28c2018	PRFA01000588	6255	0.505
TcruziDm28c2018	PRFA01000589	6026	0.581
TcruziDm28c2018	PRFA01000590	6018	0.511
TcruziDm28c2018	PRFA01000591	5964	0.503
TcruziDm28c2018	PRFA01000592	5953	0.504
TcruziDm28c2018	PRFA01000593	5914	0.519
TcruziDm28c2018	PRFA01000594	5656	0.512
TcruziDm28c2018	PRFA01000595	5625	0.508
TcruziDm28c2018	PRFA01000596	5495	0.504
TcruziDm28c2018	PRFA01000597	5432	0.509
TcruziDm28c2018	PRFA01000598	5393	0.508
TcruziDm28c2018	PRFA01000599	5349	0.502
TcruziDm28c2018	PRFA01000600	4905	0.498
TcruziDm28c2018	PRFA01000601	4824	0.499
TcruziDm28c2018	PRFA01000602	4763	0.503
TcruziDm28c2018	PRFA01000603	4708	0.646
TcruziDm28c2018	PRFA01000604	4536	0.505
TcruziDm28c2018	PRFA01000605	4489	0.477
TcruziDm28c2018	PRFA01000606	3965	0.504
TcruziDm28c2018	PRFA01000607	3854	0.506
TcruziDm28c2018	PRFA01000608	3728	0.553
TcruziDm28c2018	PRFA01000609	3683	0.538
TcruziDm28c2018	PRFA01000610	3526	0.485
TcruziDm28c2018	PRFA01000611	3502	0.507
TcruziDm28c2018	PRFA01000612	3444	0.521
TcruziDm28c2018	PRFA01000613	3290	0.523
TcruziDm28c2018	PRFA01000614	3203	0.511
TcruziDm28c2018	PRFA01000615	3033	0.562
TcruziDm28c2018	PRFA01000616	2859	0.505
TcruziDm28c2018	PRFA01000617	2825	0.498
TcruziDm28c2018	PRFA01000618	2724	0.504
TcruziDm28c2018	PRFA01000619	2705	0.52
TcruziDm28c2018	PRFA01000620	2702	0.536
TcruziDm28c2018	PRFA01000621	2660	0.461
TcruziDm28c2018	PRFA01000622	2627	0.504
TcruziDm28c2018	PRFA01000623	2483	0.539
TcruziDm28c2018	PRFA01000624	2475	0.499
TcruziDm28c2018	PRFA01000625	2284	0.508
TcruziDm28c2018	PRFA01000626	2179	0.484
TcruziDm28c2018	PRFA01000627	2102	0.502
TcruziDm28c2018	PRFA01000628	2008	0.511
TcruziDm28c2018	PRFA01000629	1942	0.498
TcruziDm28c2018	PRFA01000630	1830	0.495
TcruziDm28c2018	PRFA01000631	1664	0.527
TcruziDm28c2018	PRFA01000632	1625	0.585
TcruziDm28c2018	PRFA01000633	1596	0.504
TcruziDm28c2018	PRFA01000634	1319	0.499
TcruziDm28c2018	PRFA01000635	1312	0.363
TcruziDm28c2018	PRFA01000636	911	0.574
TcruziBrazilA4	TcBrA4_Chr1	2738928	0.494
TcruziBrazilA4	TcBrA4_Chr2	1986034	0.525
TcruziBrazilA4	TcBrA4_Chr3	1768708	0.49
TcruziBrazilA4	TcBrA4_Chr4	1676910	0.491
TcruziBrazilA4	TcBrA4_Chr5	1492459	0.5
TcruziBrazilA4	TcBrA4_Chr6	1421388	0.526
TcruziBrazilA4	TcBrA4_Chr7	1369405	0.498
TcruziBrazilA4	TcBrA4_Chr8	1336822	0.503
TcruziBrazilA4	TcBrA4_Chr9	1155514	0.519
TcruziBrazilA4	TcBrA4_Chr10	1097740	0.484
TcruziBrazilA4	TcBrA4_Chr11	1076255	0.524
TcruziBrazilA4	TcBrA4_Chr12	1041209	0.532
TcruziBrazilA4	TcBrA4_Chr13	982025	0.512
TcruziBrazilA4	TcBrA4_Chr14	975858	0.502
TcruziBrazilA4	TcBrA4_Chr15	969620	0.487
TcruziBrazilA4	TcBrA4_Chr16	927191	0.499
TcruziBrazilA4	TcBrA4_Chr17	914771	0.522
TcruziBrazilA4	TcBrA4_Chr18	909794	0.512
TcruziBrazilA4	TcBrA4_Chr19	902532	0.508
TcruziBrazilA4	TcBrA4_Chr20	846588	0.528
TcruziBrazilA4	TcBrA4_Chr21	820352	0.524
TcruziBrazilA4	TcBrA4_Chr22	815970	0.512
TcruziBrazilA4	TcBrA4_Chr23	812063	0.511
TcruziBrazilA4	TcBrA4_Chr24	778187	0.516
TcruziBrazilA4	TcBrA4_Chr25	742617	0.543
TcruziBrazilA4	TcBrA4_Chr26	731747	0.531
TcruziBrazilA4	TcBrA4_Chr27	716856	0.516
TcruziBrazilA4	TcBrA4_Chr28	711759	0.512
TcruziBrazilA4	TcBrA4_Chr29	660991	0.499
TcruziBrazilA4	TcBrA4_Chr30	660739	0.519
TcruziBrazilA4	TcBrA4_Chr31	601716	0.504
TcruziBrazilA4	TcBrA4_Chr32	590954	0.517
TcruziBrazilA4	TcBrA4_Chr33	574917	0.536
TcruziBrazilA4	TcBrA4_Chr34	285003	0.511
TcruziBrazilA4	TcBrA4_Chr35	243420	0.541
TcruziBrazilA4	TcBrA4_Chr36	231406	0.531
TcruziBrazilA4	TcBrA4_Chr37	216495	0.536
TcruziBrazilA4	TcBrA4_Chr38	166627	0.549
TcruziBrazilA4	TcBrA4_Chr39	160921	0.547
TcruziBrazilA4	TcBrA4_Chr40	155078	0.531
TcruziBrazilA4	TcBrA4_Chr41	146158	0.53
TcruziBrazilA4	TcBrA4_Chr42	141754	0.532
TcruziBrazilA4	TcBrA4_Chr43	141550	0.531
TcruziBrazilA4	TcBrA4_Contig1	20572	0.593
TcruziBrazilA4	TcBrA4_Contig10	28291	0.525
TcruziBrazilA4	TcBrA4_Contig101	27086	0.517
TcruziBrazilA4	TcBrA4_Contig102	15041	0.504
TcruziBrazilA4	TcBrA4_Contig103	15017	0.55
TcruziBrazilA4	TcBrA4_Contig105	26761	0.54
TcruziBrazilA4	TcBrA4_Contig106	26926	0.539
TcruziBrazilA4	TcBrA4_Contig107	19019	0.53
TcruziBrazilA4	TcBrA4_Contig11	14285	0.553
TcruziBrazilA4	TcBrA4_Contig110	24713	0.506
TcruziBrazilA4	TcBrA4_Contig111	795	0.547
TcruziBrazilA4	TcBrA4_Contig112	72942	0.545
TcruziBrazilA4	TcBrA4_Contig113	13975	0.51
TcruziBrazilA4	TcBrA4_Contig114	82398	0.537
TcruziBrazilA4	TcBrA4_Contig115	14178	0.6
TcruziBrazilA4	TcBrA4_Contig116	17593	0.526
TcruziBrazilA4	TcBrA4_Contig117	19769	0.547
TcruziBrazilA4	TcBrA4_Contig118	24571	0.57
TcruziBrazilA4	TcBrA4_Contig119	19636	0.49
TcruziBrazilA4	TcBrA4_Contig120	74071	0.533
TcruziBrazilA4	TcBrA4_Contig122	9532	0.461
TcruziBrazilA4	TcBrA4_Contig123	19206	0.523
TcruziBrazilA4	TcBrA4_Contig124	18721	0.517
TcruziBrazilA4	TcBrA4_Contig126	21132	0.456
TcruziBrazilA4	TcBrA4_Contig127	14092	0.539
TcruziBrazilA4	TcBrA4_Contig129	10992	0.415
TcruziBrazilA4	TcBrA4_Contig13	57057	0.468
TcruziBrazilA4	TcBrA4_Contig130	19880	0.593
TcruziBrazilA4	TcBrA4_Contig132	13107	0.539
TcruziBrazilA4	TcBrA4_Contig133	31489	0.543
TcruziBrazilA4	TcBrA4_Contig134	6657	0.529
TcruziBrazilA4	TcBrA4_Contig135	43950	0.592
TcruziBrazilA4	TcBrA4_Contig136	15988	0.453
TcruziBrazilA4	TcBrA4_Contig138	8636	0.53
TcruziBrazilA4	TcBrA4_Contig139	18873	0.615
TcruziBrazilA4	TcBrA4_Contig140	125028	0.536
TcruziBrazilA4	TcBrA4_Contig141	5949	0.505
TcruziBrazilA4	TcBrA4_Contig143	29549	0.507
TcruziBrazilA4	TcBrA4_Contig144	1678	0.552
TcruziBrazilA4	TcBrA4_Contig145	31690	0.5
TcruziBrazilA4	TcBrA4_Contig146	13732	0.543
TcruziBrazilA4	TcBrA4_Contig148	17034	0.558
TcruziBrazilA4	TcBrA4_Contig149	46379	0.536
TcruziBrazilA4	TcBrA4_Contig15	19592	0.541
TcruziBrazilA4	TcBrA4_Contig150	21222	0.509
TcruziBrazilA4	TcBrA4_Contig151	22865	0.535
TcruziBrazilA4	TcBrA4_Contig152	38861	0.482
TcruziBrazilA4	TcBrA4_Contig153	9044	0.507
TcruziBrazilA4	TcBrA4_Contig154	80532	0.543
TcruziBrazilA4	TcBrA4_Contig155	25152	0.584
TcruziBrazilA4	TcBrA4_Contig156	86469	0.532
TcruziBrazilA4	TcBrA4_Contig157	19241	0.508
TcruziBrazilA4	TcBrA4_Contig158	9387	0.498
TcruziBrazilA4	TcBrA4_Contig159	23521	0.603
TcruziBrazilA4	TcBrA4_Contig160	14519	0.478
TcruziBrazilA4	TcBrA4_Contig161	67961	0.531
TcruziBrazilA4	TcBrA4_Contig162	29622	0.691
TcruziBrazilA4	TcBrA4_Contig164	18905	0.485
TcruziBrazilA4	TcBrA4_Contig165	13462	0.501
TcruziBrazilA4	TcBrA4_Contig166	23134	0.555
TcruziBrazilA4	TcBrA4_Contig167	31539	0.564
TcruziBrazilA4	TcBrA4_Contig168	14475	0.5
TcruziBrazilA4	TcBrA4_Contig169	17277	0.597
TcruziBrazilA4	TcBrA4_Contig170	84973	0.527
TcruziBrazilA4	TcBrA4_Contig171	20182	0.493
TcruziBrazilA4	TcBrA4_Contig172	31073	0.5
TcruziBrazilA4	TcBrA4_Contig173	13298	0.515
TcruziBrazilA4	TcBrA4_Contig174	23269	0.576
TcruziBrazilA4	TcBrA4_Contig175	26682	0.514
TcruziBrazilA4	TcBrA4_Contig176	14824	0.43
TcruziBrazilA4	TcBrA4_Contig177	23288	0.484
TcruziBrazilA4	TcBrA4_Contig178	20236	0.539
TcruziBrazilA4	TcBrA4_Contig179	28704	0.55
TcruziBrazilA4	TcBrA4_Contig18	58945	0.553
TcruziBrazilA4	TcBrA4_Contig181	6620	0.557
TcruziBrazilA4	TcBrA4_Contig182	24941	0.514
TcruziBrazilA4	TcBrA4_Contig183	38160	0.538
TcruziBrazilA4	TcBrA4_Contig184	14000	0.577
TcruziBrazilA4	TcBrA4_Contig185	4195	0.518
TcruziBrazilA4	TcBrA4_Contig186	12988	0.491
TcruziBrazilA4	TcBrA4_Contig187	33656	0.522
TcruziBrazilA4	TcBrA4_Contig188	62099	0.56
TcruziBrazilA4	TcBrA4_Contig189	7181	0.544
TcruziBrazilA4	TcBrA4_Contig19	33546	0.527
TcruziBrazilA4	TcBrA4_Contig190	2437	0.519
TcruziBrazilA4	TcBrA4_Contig191	18768	0.518
TcruziBrazilA4	TcBrA4_Contig192	6156	0.524
TcruziBrazilA4	TcBrA4_Contig194	16943	0.536
TcruziBrazilA4	TcBrA4_Contig195	14050	0.547
TcruziBrazilA4	TcBrA4_Contig196	17761	0.556
TcruziBrazilA4	TcBrA4_Contig197	19468	0.498
TcruziBrazilA4	TcBrA4_Contig198	18360	0.57
TcruziBrazilA4	TcBrA4_Contig199	13368	0.614
TcruziBrazilA4	TcBrA4_Contig2	11155	0.459
TcruziBrazilA4	TcBrA4_Contig200	14239	0.557
TcruziBrazilA4	TcBrA4_Contig201	9384	0.513
TcruziBrazilA4	TcBrA4_Contig202	21732	0.528
TcruziBrazilA4	TcBrA4_Contig203	14973	0.598
TcruziBrazilA4	TcBrA4_Contig204	14416	0.579
TcruziBrazilA4	TcBrA4_Contig205	14998	0.551
TcruziBrazilA4	TcBrA4_Contig206	11114	0.585
TcruziBrazilA4	TcBrA4_Contig207	14829	0.515
TcruziBrazilA4	TcBrA4_Contig208	20434	0.501
TcruziBrazilA4	TcBrA4_Contig209	135914	0.536
TcruziBrazilA4	TcBrA4_Contig210	7212	0.512
TcruziBrazilA4	TcBrA4_Contig211	30562	0.621
TcruziBrazilA4	TcBrA4_Contig212	31451	0.576
TcruziBrazilA4	TcBrA4_Contig213	17919	0.583
TcruziBrazilA4	TcBrA4_Contig214	17142	0.541
TcruziBrazilA4	TcBrA4_Contig215	27087	0.513
TcruziBrazilA4	TcBrA4_Contig216	23701	0.507
TcruziBrazilA4	TcBrA4_Contig217	18584	0.529
TcruziBrazilA4	TcBrA4_Contig218	16511	0.488
TcruziBrazilA4	TcBrA4_Contig219	14014	0.502
TcruziBrazilA4	TcBrA4_Contig22	44726	0.531
TcruziBrazilA4	TcBrA4_Contig220	67617	0.608
TcruziBrazilA4	TcBrA4_Contig221	18740	0.594
TcruziBrazilA4	TcBrA4_Contig222	17391	0.556
TcruziBrazilA4	TcBrA4_Contig223	16083	0.498
TcruziBrazilA4	TcBrA4_Contig224	30842	0.5
TcruziBrazilA4	TcBrA4_Contig226	19865	0.546
TcruziBrazilA4	TcBrA4_Contig227	19291	0.555
TcruziBrazilA4	TcBrA4_Contig228	15377	0.546
TcruziBrazilA4	TcBrA4_Contig229	10156	0.634
TcruziBrazilA4	TcBrA4_Contig23	18834	0.55
TcruziBrazilA4	TcBrA4_Contig230	44998	0.578
TcruziBrazilA4	TcBrA4_Contig231	14178	0.497
TcruziBrazilA4	TcBrA4_Contig232	25930	0.478
TcruziBrazilA4	TcBrA4_Contig233	15101	0.507
TcruziBrazilA4	TcBrA4_Contig234	29694	0.545
TcruziBrazilA4	TcBrA4_Contig235	6348	0.617
TcruziBrazilA4	TcBrA4_Contig237	19586	0.569
TcruziBrazilA4	TcBrA4_Contig238	16503	0.494
TcruziBrazilA4	TcBrA4_Contig239	24070	0.495
TcruziBrazilA4	TcBrA4_Contig24	29739	0.502
TcruziBrazilA4	TcBrA4_Contig240	32680	0.528
TcruziBrazilA4	TcBrA4_Contig241	28769	0.51
TcruziBrazilA4	TcBrA4_Contig242	13528	0.566
TcruziBrazilA4	TcBrA4_Contig243	5607	0.508
TcruziBrazilA4	TcBrA4_Contig244	21516	0.528
TcruziBrazilA4	TcBrA4_Contig245	36430	0.556
TcruziBrazilA4	TcBrA4_Contig246	24081	0.501
TcruziBrazilA4	TcBrA4_Contig247	19584	0.498
TcruziBrazilA4	TcBrA4_Contig248	45848	0.543
TcruziBrazilA4	TcBrA4_Contig249	19766	0.573
TcruziBrazilA4	TcBrA4_Contig25	10142	0.697
TcruziBrazilA4	TcBrA4_Contig250	14023	0.616
TcruziBrazilA4	TcBrA4_Contig251	18603	0.52
TcruziBrazilA4	TcBrA4_Contig252	14620	0.513
TcruziBrazilA4	TcBrA4_Contig253	17135	0.466
TcruziBrazilA4	TcBrA4_Contig254	22812	0.502
TcruziBrazilA4	TcBrA4_Contig255	9547	0.534
TcruziBrazilA4	TcBrA4_Contig256	12563	0.516
TcruziBrazilA4	TcBrA4_Contig257	28718	0.541
TcruziBrazilA4	TcBrA4_Contig258	17003	0.594
TcruziBrazilA4	TcBrA4_Contig259	38759	0.536
TcruziBrazilA4	TcBrA4_Contig26	20715	0.577
TcruziBrazilA4	TcBrA4_Contig260	14392	0.535
TcruziBrazilA4	TcBrA4_Contig261	13256	0.574
TcruziBrazilA4	TcBrA4_Contig262	16186	0.514
TcruziBrazilA4	TcBrA4_Contig263	16099	0.558
TcruziBrazilA4	TcBrA4_Contig264	31337	0.502
TcruziBrazilA4	TcBrA4_Contig265	12611	0.496
TcruziBrazilA4	TcBrA4_Contig266	25325	0.541
TcruziBrazilA4	TcBrA4_Contig267	12516	0.5
TcruziBrazilA4	TcBrA4_Contig268	19084	0.594
TcruziBrazilA4	TcBrA4_Contig269	31364	0.669
TcruziBrazilA4	TcBrA4_Contig27	15727	0.543
TcruziBrazilA4	TcBrA4_Contig270	10016	0.501
TcruziBrazilA4	TcBrA4_Contig271	25083	0.582
TcruziBrazilA4	TcBrA4_Contig272	12177	0.506
TcruziBrazilA4	TcBrA4_Contig273	19419	0.62
TcruziBrazilA4	TcBrA4_Contig274	17162	0.55
TcruziBrazilA4	TcBrA4_Contig275	15485	0.55
TcruziBrazilA4	TcBrA4_Contig276	26231	0.551
TcruziBrazilA4	TcBrA4_Contig277	26495	0.564
TcruziBrazilA4	TcBrA4_Contig278	5604	0.572
TcruziBrazilA4	TcBrA4_Contig279	12683	0.464
TcruziBrazilA4	TcBrA4_Contig28	20069	0.578
TcruziBrazilA4	TcBrA4_Contig280	23076	0.517
TcruziBrazilA4	TcBrA4_Contig281	15201	0.551
TcruziBrazilA4	TcBrA4_Contig282	20796	0.506
TcruziBrazilA4	TcBrA4_Contig283	21129	0.593
TcruziBrazilA4	TcBrA4_Contig284	21694	0.526
TcruziBrazilA4	TcBrA4_Contig285	17322	0.49
TcruziBrazilA4	TcBrA4_Contig286	126612	0.54
TcruziBrazilA4	TcBrA4_Contig287	14211	0.524
TcruziBrazilA4	TcBrA4_Contig288	33960	0.533
TcruziBrazilA4	TcBrA4_Contig289	15411	0.571
TcruziBrazilA4	TcBrA4_Contig29	138880	0.556
TcruziBrazilA4	TcBrA4_Contig290	14688	0.541
TcruziBrazilA4	TcBrA4_Contig291	27781	0.521
TcruziBrazilA4	TcBrA4_Contig292	20540	0.602
TcruziBrazilA4	TcBrA4_Contig293	5452	0.509
TcruziBrazilA4	TcBrA4_Contig294	14240	0.534
TcruziBrazilA4	TcBrA4_Contig295	49204	0.536
TcruziBrazilA4	TcBrA4_Contig296	11972	0.467
TcruziBrazilA4	TcBrA4_Contig297	14000	0.471
TcruziBrazilA4	TcBrA4_Contig298	21028	0.577
TcruziBrazilA4	TcBrA4_Contig299	22747	0.546
TcruziBrazilA4	TcBrA4_Contig300	28456	0.506
TcruziBrazilA4	TcBrA4_Contig301	6679	0.48
TcruziBrazilA4	TcBrA4_Contig302	16440	0.55
TcruziBrazilA4	TcBrA4_Contig303	17710	0.542
TcruziBrazilA4	TcBrA4_Contig305	22046	0.528
TcruziBrazilA4	TcBrA4_Contig306	28687	0.47
TcruziBrazilA4	TcBrA4_Contig307	21364	0.518
TcruziBrazilA4	TcBrA4_Contig308	13787	0.574
TcruziBrazilA4	TcBrA4_Contig309	18675	0.549
TcruziBrazilA4	TcBrA4_Contig31	12400	0.502
TcruziBrazilA4	TcBrA4_Contig310	7428	0.452
TcruziBrazilA4	TcBrA4_Contig311	703	0.562
TcruziBrazilA4	TcBrA4_Contig312	5250	0.491
TcruziBrazilA4	TcBrA4_Contig313	20258	0.553
TcruziBrazilA4	TcBrA4_Contig314	85181	0.549
TcruziBrazilA4	TcBrA4_Contig315	20683	0.579
TcruziBrazilA4	TcBrA4_Contig316	13077	0.528
TcruziBrazilA4	TcBrA4_Contig317	42896	0.534
TcruziBrazilA4	TcBrA4_Contig318	20940	0.573
TcruziBrazilA4	TcBrA4_Contig319	29137	0.575
TcruziBrazilA4	TcBrA4_Contig32	43829	0.54
TcruziBrazilA4	TcBrA4_Contig320	34437	0.532
TcruziBrazilA4	TcBrA4_Contig321	24640	0.536
TcruziBrazilA4	TcBrA4_Contig322	31677	0.577
TcruziBrazilA4	TcBrA4_Contig323	13681	0.468
TcruziBrazilA4	TcBrA4_Contig324	19916	0.501
TcruziBrazilA4	TcBrA4_Contig325	11750	0.523
TcruziBrazilA4	TcBrA4_Contig326	9664	0.509
TcruziBrazilA4	TcBrA4_Contig327	19265	0.594
TcruziBrazilA4	TcBrA4_Contig328	15807	0.516
TcruziBrazilA4	TcBrA4_Contig329	31973	0.551
TcruziBrazilA4	TcBrA4_Contig330	94755	0.525
TcruziBrazilA4	TcBrA4_Contig331	26168	0.509
TcruziBrazilA4	TcBrA4_Contig332	7691	0.577
TcruziBrazilA4	TcBrA4_Contig333	5689	0.596
TcruziBrazilA4	TcBrA4_Contig334	9435	0.599
TcruziBrazilA4	TcBrA4_Contig335	73969	0.524
TcruziBrazilA4	TcBrA4_Contig336	15514	0.501
TcruziBrazilA4	TcBrA4_Contig337	17453	0.515
TcruziBrazilA4	TcBrA4_Contig338	17641	0.54
TcruziBrazilA4	TcBrA4_Contig339	14165	0.472
TcruziBrazilA4	TcBrA4_Contig34	14934	0.497
TcruziBrazilA4	TcBrA4_Contig340	34403	0.561
TcruziBrazilA4	TcBrA4_Contig341	18955	0.546
TcruziBrazilA4	TcBrA4_Contig342	14890	0.53
TcruziBrazilA4	TcBrA4_Contig343	22543	0.533
TcruziBrazilA4	TcBrA4_Contig344	16677	0.537
TcruziBrazilA4	TcBrA4_Contig345	13134	0.472
TcruziBrazilA4	TcBrA4_Contig346	23456	0.57
TcruziBrazilA4	TcBrA4_Contig347	19669	0.521
TcruziBrazilA4	TcBrA4_Contig348	30314	0.573
TcruziBrazilA4	TcBrA4_Contig349	17006	0.513
TcruziBrazilA4	TcBrA4_Contig35	20028	0.51
TcruziBrazilA4	TcBrA4_Contig350	58309	0.54
TcruziBrazilA4	TcBrA4_Contig351	6514	0.434
TcruziBrazilA4	TcBrA4_Contig352	32101	0.556
TcruziBrazilA4	TcBrA4_Contig353	10641	0.524
TcruziBrazilA4	TcBrA4_Contig354	20448	0.545
TcruziBrazilA4	TcBrA4_Contig355	14227	0.522
TcruziBrazilA4	TcBrA4_Contig356	15321	0.531
TcruziBrazilA4	TcBrA4_Contig357	12861	0.49
TcruziBrazilA4	TcBrA4_Contig358	26225	0.507
TcruziBrazilA4	TcBrA4_Contig359	14383	0.564
TcruziBrazilA4	TcBrA4_Contig36	63214	0.536
TcruziBrazilA4	TcBrA4_Contig360	28012	0.496
TcruziBrazilA4	TcBrA4_Contig361	23720	0.549
TcruziBrazilA4	TcBrA4_Contig362	59123	0.521
TcruziBrazilA4	TcBrA4_Contig363	11042	0.576
TcruziBrazilA4	TcBrA4_Contig364	8861	0.585
TcruziBrazilA4	TcBrA4_Contig365	15458	0.572
TcruziBrazilA4	TcBrA4_Contig366	25659	0.508
TcruziBrazilA4	TcBrA4_Contig367	31539	0.564
TcruziBrazilA4	TcBrA4_Contig368	21596	0.493
TcruziBrazilA4	TcBrA4_Contig369	22467	0.516
TcruziBrazilA4	TcBrA4_Contig37	27220	0.582
TcruziBrazilA4	TcBrA4_Contig370	34531	0.515
TcruziBrazilA4	TcBrA4_Contig371	11607	0.532
TcruziBrazilA4	TcBrA4_Contig372	20870	0.532
TcruziBrazilA4	TcBrA4_Contig373	12405	0.53
TcruziBrazilA4	TcBrA4_Contig374	17515	0.537
TcruziBrazilA4	TcBrA4_Contig375	19708	0.567
TcruziBrazilA4	TcBrA4_Contig376	33256	0.482
TcruziBrazilA4	TcBrA4_Contig377	6190	0.584
TcruziBrazilA4	TcBrA4_Contig378	25844	0.557
TcruziBrazilA4	TcBrA4_Contig379	31269	0.509
TcruziBrazilA4	TcBrA4_Contig380	17936	0.613
TcruziBrazilA4	TcBrA4_Contig381	18009	0.602
TcruziBrazilA4	TcBrA4_Contig382	13936	0.491
TcruziBrazilA4	TcBrA4_Contig383	15878	0.504
TcruziBrazilA4	TcBrA4_Contig384	18813	0.531
TcruziBrazilA4	TcBrA4_Contig385	25338	0.487
TcruziBrazilA4	TcBrA4_Contig386	22921	0.502
TcruziBrazilA4	TcBrA4_Contig387	20833	0.48
TcruziBrazilA4	TcBrA4_Contig388	15938	0.62
TcruziBrazilA4	TcBrA4_Contig389	19495	0.513
TcruziBrazilA4	TcBrA4_Contig39	22694	0.506
TcruziBrazilA4	TcBrA4_Contig390	18388	0.554
TcruziBrazilA4	TcBrA4_Contig391	15595	0.519
TcruziBrazilA4	TcBrA4_Contig392	21990	0.548
TcruziBrazilA4	TcBrA4_Contig393	22153	0.537
TcruziBrazilA4	TcBrA4_Contig394	23327	0.505
TcruziBrazilA4	TcBrA4_Contig395	18038	0.577
TcruziBrazilA4	TcBrA4_Contig396	25181	0.521
TcruziBrazilA4	TcBrA4_Contig397	7106	0.534
TcruziBrazilA4	TcBrA4_Contig398	15905	0.513
TcruziBrazilA4	TcBrA4_Contig399	103134	0.522
TcruziBrazilA4	TcBrA4_Contig4	23015	0.596
TcruziBrazilA4	TcBrA4_Contig400	16077	0.549
TcruziBrazilA4	TcBrA4_Contig401	22857	0.554
TcruziBrazilA4	TcBrA4_Contig402	15517	0.534
TcruziBrazilA4	TcBrA4_Contig403	10545	0.518
TcruziBrazilA4	TcBrA4_Contig404	16928	0.583
TcruziBrazilA4	TcBrA4_Contig405	31611	0.542
TcruziBrazilA4	TcBrA4_Contig406	22959	0.59
TcruziBrazilA4	TcBrA4_Contig43	17090	0.595
TcruziBrazilA4	TcBrA4_Contig44	13464	0.527
TcruziBrazilA4	TcBrA4_Contig46	24150	0.547
TcruziBrazilA4	TcBrA4_Contig48	24057	0.54
TcruziBrazilA4	TcBrA4_Contig50	18202	0.444
TcruziBrazilA4	TcBrA4_Contig51	23952	0.487
TcruziBrazilA4	TcBrA4_Contig52	56908	0.565
TcruziBrazilA4	TcBrA4_Contig54	59808	0.529
TcruziBrazilA4	TcBrA4_Contig55	17886	0.513
TcruziBrazilA4	TcBrA4_Contig56	19296	0.5
TcruziBrazilA4	TcBrA4_Contig57	14131	0.519
TcruziBrazilA4	TcBrA4_Contig59	11878	0.44
TcruziBrazilA4	TcBrA4_Contig62	15934	0.549
TcruziBrazilA4	TcBrA4_Contig64	33280	0.536
TcruziBrazilA4	TcBrA4_Contig65	21066	0.49
TcruziBrazilA4	TcBrA4_Contig67	10477	0.508
TcruziBrazilA4	TcBrA4_Contig68	24042	0.5
TcruziBrazilA4	TcBrA4_Contig69	92254	0.557
TcruziBrazilA4	TcBrA4_Contig7	16463	0.5
TcruziBrazilA4	TcBrA4_Contig71	22601	0.544
TcruziBrazilA4	TcBrA4_Contig72	73998	0.535
TcruziBrazilA4	TcBrA4_Contig73	34649	0.551
TcruziBrazilA4	TcBrA4_Contig74	3473	0.55
TcruziBrazilA4	TcBrA4_Contig75	12448	0.613
TcruziBrazilA4	TcBrA4_Contig76	28443	0.505
TcruziBrazilA4	TcBrA4_Contig77	9402	0.633
TcruziBrazilA4	TcBrA4_Contig78	33272	0.49
TcruziBrazilA4	TcBrA4_Contig79	16934	0.537
TcruziBrazilA4	TcBrA4_Contig8	6637	0.542
TcruziBrazilA4	TcBrA4_Contig80	9974	0.564
TcruziBrazilA4	TcBrA4_Contig81	35238	0.576
TcruziBrazilA4	TcBrA4_Contig82	6421	0.54
TcruziBrazilA4	TcBrA4_Contig83	64622	0.506
TcruziBrazilA4	TcBrA4_Contig85	18502	0.52
TcruziBrazilA4	TcBrA4_Contig86	18832	0.481
TcruziBrazilA4	TcBrA4_Contig87	56656	0.51
TcruziBrazilA4	TcBrA4_Contig88	19224	0.554
TcruziBrazilA4	TcBrA4_Contig90	15072	0.503
TcruziBrazilA4	TcBrA4_Contig91	17530	0.525
TcruziBrazilA4	TcBrA4_Contig93	15453	0.599
TcruziBrazilA4	TcBrA4_Contig94	21087	0.504
TcruziBrazilA4	TcBrA4_Contig95	166935	0.539
TcruziBrazilA4	TcBrA4_Contig96	28023	0.575
TcruziBrazilA4	TcBrA4_Contig97	25610	0.484
TcruziBrazilA4	TcBrA4_Contig98	15106	0.47
TcruziYC6	TcYC6_Chr1	2951016	0.529
TcruziYC6	TcYC6_Chr2	1943341	0.482
TcruziYC6	TcYC6_Chr3	1608800	0.526
TcruziYC6	TcYC6_Chr4	1578048	0.486
TcruziYC6	TcYC6_Chr5	1465819	0.522
TcruziYC6	TcYC6_Chr6	1365397	0.529
TcruziYC6	TcYC6_Chr7	1238820	0.489
TcruziYC6	TcYC6_Chr8	1238493	0.498
TcruziYC6	TcYC6_Chr9	1233391	0.481
TcruziYC6	TcYC6_Chr10	1196034	0.531
TcruziYC6	TcYC6_Chr11	1179968	0.496
TcruziYC6	TcYC6_Chr12	1154569	0.522
TcruziYC6	TcYC6_Chr13	1073329	0.493
TcruziYC6	TcYC6_Chr14	1041730	0.528
TcruziYC6	TcYC6_Chr15	973991	0.527
TcruziYC6	TcYC6_Chr16	931817	0.484
TcruziYC6	TcYC6_Chr17	919065	0.529
TcruziYC6	TcYC6_Chr18	889019	0.504
TcruziYC6	TcYC6_Chr19	879731	0.516
TcruziYC6	TcYC6_Chr20	835455	0.52
TcruziYC6	TcYC6_Chr21	802190	0.5
TcruziYC6	TcYC6_Chr22	794882	0.536
TcruziYC6	TcYC6_Chr23	771598	0.506
TcruziYC6	TcYC6_Chr24	748092	0.504
TcruziYC6	TcYC6_Chr25	747041	0.523
TcruziYC6	TcYC6_Chr26	713530	0.512
TcruziYC6	TcYC6_Chr27	704292	0.513
TcruziYC6	TcYC6_Chr28	683656	0.512
TcruziYC6	TcYC6_Chr29	683261	0.543
TcruziYC6	TcYC6_Chr30	618893	0.514
TcruziYC6	TcYC6_Chr31	613739	0.535
TcruziYC6	TcYC6_Chr32	587789	0.511
TcruziYC6	TcYC6_Chr33	572880	0.524
TcruziYC6	TcYC6_Chr34	565606	0.506
TcruziYC6	TcYC6_Chr35	563146	0.526
TcruziYC6	TcYC6_Chr36	542602	0.539
TcruziYC6	TcYC6_Chr37	354446	0.524
TcruziYC6	TcYC6_Chr38	332206	0.504
TcruziYC6	TcYC6_Chr39	241231	0.516
TcruziYC6	TcYC6_Chr40	239696	0.539
TcruziYC6	TcYC6_Contig100	26286	0.513
TcruziYC6	TcYC6_Contig101	59576	0.525
TcruziYC6	TcYC6_Contig102	24563	0.518
TcruziYC6	TcYC6_Contig103	8325	0.527
TcruziYC6	TcYC6_Contig104	18366	0.521
TcruziYC6	TcYC6_Contig105	97522	0.544
TcruziYC6	TcYC6_Contig106	71059	0.518
TcruziYC6	TcYC6_Contig107	83725	0.526
TcruziYC6	TcYC6_Contig108	38161	0.529
TcruziYC6	TcYC6_Contig109	26090	0.519
TcruziYC6	TcYC6_Contig11	179814	0.543
TcruziYC6	TcYC6_Contig110	63249	0.561
TcruziYC6	TcYC6_Contig111	35246	0.559
TcruziYC6	TcYC6_Contig112	57272	0.506
TcruziYC6	TcYC6_Contig113	25483	0.546
TcruziYC6	TcYC6_Contig114	56791	0.517
TcruziYC6	TcYC6_Contig115	42179	0.566
TcruziYC6	TcYC6_Contig116	25808	0.517
TcruziYC6	TcYC6_Contig117	45268	0.518
TcruziYC6	TcYC6_Contig118	29769	0.541
TcruziYC6	TcYC6_Contig119	16201	0.519
TcruziYC6	TcYC6_Contig120	15696	0.516
TcruziYC6	TcYC6_Contig121	77519	0.5
TcruziYC6	TcYC6_Contig122	31811	0.529
TcruziYC6	TcYC6_Contig123	37379	0.534
TcruziYC6	TcYC6_Contig125	66903	0.523
TcruziYC6	TcYC6_Contig126	52667	0.556
TcruziYC6	TcYC6_Contig127	22050	0.527
TcruziYC6	TcYC6_Contig128	33651	0.517
TcruziYC6	TcYC6_Contig129	39043	0.522
TcruziYC6	TcYC6_Contig130	101833	0.541
TcruziYC6	TcYC6_Contig131	29052	0.56
TcruziYC6	TcYC6_Contig132	4989	0.524
TcruziYC6	TcYC6_Contig133	15303	0.518
TcruziYC6	TcYC6_Contig134	66657	0.517
TcruziYC6	TcYC6_Contig135	85471	0.57
TcruziYC6	TcYC6_Contig136	44079	0.518
TcruziYC6	TcYC6_Contig137	24701	0.518
TcruziYC6	TcYC6_Contig138	16487	0.518
TcruziYC6	TcYC6_Contig139	48128	0.517
TcruziYC6	TcYC6_Contig140	32192	0.528
TcruziYC6	TcYC6_Contig141	33059	0.517
TcruziYC6	TcYC6_Contig142	49750	0.552
TcruziYC6	TcYC6_Contig143	71495	0.517
TcruziYC6	TcYC6_Contig144	62310	0.541
TcruziYC6	TcYC6_Contig145	30786	0.518
TcruziYC6	TcYC6_Contig146	30512	0.518
TcruziYC6	TcYC6_Contig147	7341	0.508
TcruziYC6	TcYC6_Contig148	15157	0.519
TcruziYC6	TcYC6_Contig149	35359	0.461
TcruziYC6	TcYC6_Contig150	42040	0.528
TcruziYC6	TcYC6_Contig151	26457	0.518
TcruziYC6	TcYC6_Contig152	146165	0.534
TcruziYC6	TcYC6_Contig153	29288	0.518
TcruziYC6	TcYC6_Contig154	27400	0.517
TcruziYC6	TcYC6_Contig155	98240	0.517
TcruziYC6	TcYC6_Contig156	34286	0.514
TcruziYC6	TcYC6_Contig157	40273	0.515
TcruziYC6	TcYC6_Contig159	115413	0.513
TcruziYC6	TcYC6_Contig160	84204	0.527
TcruziYC6	TcYC6_Contig161	58440	0.524
TcruziYC6	TcYC6_Contig162	25350	0.502
TcruziYC6	TcYC6_Contig163	22262	0.525
TcruziYC6	TcYC6_Contig164	19029	0.517
TcruziYC6	TcYC6_Contig165	74966	0.529
TcruziYC6	TcYC6_Contig166	13101	0.541
TcruziYC6	TcYC6_Contig167	25304	0.518
TcruziYC6	TcYC6_Contig168	37675	0.553
TcruziYC6	TcYC6_Contig169	46281	0.518
TcruziYC6	TcYC6_Contig171	43260	0.516
TcruziYC6	TcYC6_Contig172	55460	0.534
TcruziYC6	TcYC6_Contig173	69030	0.517
TcruziYC6	TcYC6_Contig174	10856	0.516
TcruziYC6	TcYC6_Contig175	16075	0.519
TcruziYC6	TcYC6_Contig176	66110	0.528
TcruziYC6	TcYC6_Contig177	25774	0.519
TcruziYC6	TcYC6_Contig178	21894	0.514
TcruziYC6	TcYC6_Contig179	6192	0.52
TcruziYC6	TcYC6_Contig180	30360	0.517
TcruziYC6	TcYC6_Contig181	3401	0.523
TcruziYC6	TcYC6_Contig183	47867	0.551
TcruziYC6	TcYC6_Contig184	45489	0.518
TcruziYC6	TcYC6_Contig185	42621	0.517
TcruziYC6	TcYC6_Contig186	53117	0.567
TcruziYC6	TcYC6_Contig187	46435	0.525
TcruziYC6	TcYC6_Contig188	23699	0.582
TcruziYC6	TcYC6_Contig189	79389	0.534
TcruziYC6	TcYC6_Contig190	10379	0.551
TcruziYC6	TcYC6_Contig191	331387	0.531
TcruziYC6	TcYC6_Contig192	28677	0.518
TcruziYC6	TcYC6_Contig193	18304	0.54
TcruziYC6	TcYC6_Contig194	44237	0.517
TcruziYC6	TcYC6_Contig195	54318	0.478
TcruziYC6	TcYC6_Contig197	26367	0.518
TcruziYC6	TcYC6_Contig198	18729	0.49
TcruziYC6	TcYC6_Contig199	35207	0.481
TcruziYC6	TcYC6_Contig200	82899	0.548
TcruziYC6	TcYC6_Contig201	33533	0.523
TcruziYC6	TcYC6_Contig202	58328	0.517
TcruziYC6	TcYC6_Contig203	20603	0.52
TcruziYC6	TcYC6_Contig204	18739	0.491
TcruziYC6	TcYC6_Contig205	33406	0.519
TcruziYC6	TcYC6_Contig206	24681	0.517
TcruziYC6	TcYC6_Contig207	22837	0.523
TcruziYC6	TcYC6_Contig208	3498	0.537
TcruziYC6	TcYC6_Contig209	43179	0.552
TcruziYC6	TcYC6_Contig210	13522	0.445
TcruziYC6	TcYC6_Contig211	27327	0.514
TcruziYC6	TcYC6_Contig212	22448	0.518
TcruziYC6	TcYC6_Contig213	47767	0.545
TcruziYC6	TcYC6_Contig214	12592	0.516
TcruziYC6	TcYC6_Contig215	60409	0.553
TcruziYC6	TcYC6_Contig216	48996	0.553
TcruziYC6	TcYC6_Contig217	47378	0.568
TcruziYC6	TcYC6_Contig218	54673	0.555
TcruziYC6	TcYC6_Contig219	11533	0.517
TcruziYC6	TcYC6_Contig220	38426	0.517
TcruziYC6	TcYC6_Contig221	42206	0.538
TcruziYC6	TcYC6_Contig222	26113	0.532
TcruziYC6	TcYC6_Contig223	1863	0.515
TcruziYC6	TcYC6_Contig224	101534	0.517
TcruziYC6	TcYC6_Contig225	91167	0.535
TcruziYC6	TcYC6_Contig226	36946	0.546
TcruziYC6	TcYC6_Contig227	41444	0.458
TcruziYC6	TcYC6_Contig228	26494	0.516
TcruziYC6	TcYC6_Contig229	64892	0.54
TcruziYC6	TcYC6_Contig230	2757	0.517
TcruziYC6	TcYC6_Contig231	42924	0.511
TcruziYC6	TcYC6_Contig232	66845	0.536
TcruziYC6	TcYC6_Contig233	14300	0.517
TcruziYC6	TcYC6_Contig234	145438	0.538
TcruziYC6	TcYC6_Contig235	25366	0.517
TcruziYC6	TcYC6_Contig236	77257	0.538
TcruziYC6	TcYC6_Contig237	44510	0.557
TcruziYC6	TcYC6_Contig238	45823	0.519
TcruziYC6	TcYC6_Contig239	9742	0.509
TcruziYC6	TcYC6_Contig240	23258	0.518
TcruziYC6	TcYC6_Contig241	36411	0.518
TcruziYC6	TcYC6_Contig242	30957	0.518
TcruziYC6	TcYC6_Contig243	48324	0.514
TcruziYC6	TcYC6_Contig244	29404	0.559
TcruziYC6	TcYC6_Contig245	3046	0.54
TcruziYC6	TcYC6_Contig246	44028	0.517
TcruziYC6	TcYC6_Contig247	15940	0.514
TcruziYC6	TcYC6_Contig248	42307	0.565
TcruziYC6	TcYC6_Contig249	71556	0.543
TcruziYC6	TcYC6_Contig250	28457	0.509
TcruziYC6	TcYC6_Contig251	2473	0.543
TcruziYC6	TcYC6_Contig252	26979	0.526
TcruziYC6	TcYC6_Contig253	79459	0.55
TcruziYC6	TcYC6_Contig255	11290	0.554
TcruziYC6	TcYC6_Contig256	29830	0.519
TcruziYC6	TcYC6_Contig257	77144	0.553
TcruziYC6	TcYC6_Contig258	66206	0.544
TcruziYC6	TcYC6_Contig259	30423	0.522
TcruziYC6	TcYC6_Contig260	74374	0.531
TcruziYC6	TcYC6_Contig261	9710	0.589
TcruziYC6	TcYC6_Contig262	12264	0.519
TcruziYC6	TcYC6_Contig263	40726	0.52
TcruziYC6	TcYC6_Contig264	38018	0.492
TcruziYC6	TcYC6_Contig265	4419	0.511
TcruziYC6	TcYC6_Contig266	4370	0.486
TcruziYC6	TcYC6_Contig267	678	0.515
TcruziYC6	TcYC6_Contig33	92110	0.545
TcruziYC6	TcYC6_Contig35	19713	0.537
TcruziYC6	TcYC6_Contig36	44520	0.562
TcruziYC6	TcYC6_Contig37	28698	0.51
TcruziYC6	TcYC6_Contig38	42711	0.527
TcruziYC6	TcYC6_Contig39	7470	0.517
TcruziYC6	TcYC6_Contig40	14355	0.519
TcruziYC6	TcYC6_Contig41	29162	0.518
TcruziYC6	TcYC6_Contig42	70735	0.547
TcruziYC6	TcYC6_Contig43	44421	0.573
TcruziYC6	TcYC6_Contig44	18665	0.482
TcruziYC6	TcYC6_Contig45	64872	0.544
TcruziYC6	TcYC6_Contig46	35629	0.517
TcruziYC6	TcYC6_Contig47	17700	0.517
TcruziYC6	TcYC6_Contig48	48654	0.519
TcruziYC6	TcYC6_Contig49	19921	0.518
TcruziYC6	TcYC6_Contig50	46067	0.524
TcruziYC6	TcYC6_Contig52	38606	0.505
TcruziYC6	TcYC6_Contig53	100481	0.493
TcruziYC6	TcYC6_Contig54	26920	0.517
TcruziYC6	TcYC6_Contig55	8627	0.6
TcruziYC6	TcYC6_Contig56	43082	0.471
TcruziYC6	TcYC6_Contig57	76957	0.518
TcruziYC6	TcYC6_Contig58	78865	0.532
TcruziYC6	TcYC6_Contig59	57722	0.484
TcruziYC6	TcYC6_Contig60	31739	0.522
TcruziYC6	TcYC6_Contig61	39358	0.517
TcruziYC6	TcYC6_Contig62	27544	0.518
TcruziYC6	TcYC6_Contig63	23703	0.526
TcruziYC6	TcYC6_Contig64	21532	0.517
TcruziYC6	TcYC6_Contig66	51858	0.516
TcruziYC6	TcYC6_Contig67	146042	0.533
TcruziYC6	TcYC6_Contig68	16345	0.524
TcruziYC6	TcYC6_Contig69	39240	0.459
TcruziYC6	TcYC6_Contig70	35502	0.518
TcruziYC6	TcYC6_Contig71	38932	0.518
TcruziYC6	TcYC6_Contig72	32744	0.518
TcruziYC6	TcYC6_Contig73	39730	0.546
TcruziYC6	TcYC6_Contig74	56665	0.553
TcruziYC6	TcYC6_Contig75	43512	0.541
TcruziYC6	TcYC6_Contig76	910	0.547
TcruziYC6	TcYC6_Contig77	47909	0.552
TcruziYC6	TcYC6_Contig78	127165	0.538
TcruziYC6	TcYC6_Contig79	40276	0.542
TcruziYC6	TcYC6_Contig80	130771	0.54
TcruziYC6	TcYC6_Contig82	35179	0.517
TcruziYC6	TcYC6_Contig83	21428	0.518
TcruziYC6	TcYC6_Contig84	93860	0.517
TcruziYC6	TcYC6_Contig85	30715	0.525
TcruziYC6	TcYC6_Contig86	17087	0.518
TcruziYC6	TcYC6_Contig87	47542	0.528
TcruziYC6	TcYC6_Contig88	39210	0.518
TcruziYC6	TcYC6_Contig89	24760	0.517
TcruziYC6	TcYC6_Contig90	25546	0.516
TcruziYC6	TcYC6_Contig91	68690	0.519
TcruziYC6	TcYC6_Contig92	32112	0.544
TcruziYC6	TcYC6_Contig93	61547	0.497
TcruziYC6	TcYC6_Contig94	31081	0.529
TcruziYC6	TcYC6_Contig95	920	0.504
TcruziYC6	TcYC6_Contig96	12127	0.482
TcruziYC6	TcYC6_Contig97	44483	0.528
TcruziYC6	TcYC6_Contig98	28702	0.517
TcruziYC6	TcYC6_Contig99	6964	0.55
TcruziTcDm25H1	TcDm25_Chr01_H1	752486	0.522
TcruziTcDm25H1	TcDm25_Chr02_H1	2145383	0.49
TcruziTcDm25H1	TcDm25_Chr03_H1	1882095	0.499
TcruziTcDm25H1	TcDm25_Chr04_H1_c1	2824530	0.501
TcruziTcDm25H1	TcDm25_Chr05_H1	1362421	0.501
TcruziTcDm25H1	TcDm25_Chr06_H1	1647762	0.527
TcruziTcDm25H1	TcDm25_Chr07_H1	1458509	0.502
TcruziTcDm25H1	TcDm25_Chr08_H1	1228545	0.501
TcruziTcDm25H1	TcDm25_Chr09_H1	1349720	0.52
TcruziTcDm25H1	TcDm25_Chr10_H1	1139640	0.487
TcruziTcDm25H1	TcDm25_Chr11_H1_c1	1060642	0.523
TcruziTcDm25H1	TcDm25_Chr12_H1	1140931	0.539
TcruziTcDm25H1	TcDm25_Chr13_H1	811800	0.509
TcruziTcDm25H1	TcDm25_Chr14_H1	962143	0.504
TcruziTcDm25H1	TcDm25_Chr15_H1	944107	0.489
TcruziTcDm25H1	TcDm25_Chr16_H1_c1	1099580	0.492
TcruziTcDm25H1	TcDm25_Chr17_H1	1222364	0.536
TcruziTcDm25H1	TcDm25_Chr18_H1	1022790	0.521
TcruziTcDm25H1	TcDm25_Chr19_H1	967695	0.504
TcruziTcDm25H1	TcDm25_Chr20_H1	779959	0.525
TcruziTcDm25H1	TcDm25_Chr21_H1_c1	902719	0.517
TcruziTcDm25H1	TcDm25_Chr22_H1_c1	625471	0.506
TcruziTcDm25H1	TcDm25_Chr22_H1_c2	274905	0.493
TcruziTcDm25H1	TcDm25_Chr23_H1	637003	0.524
TcruziTcDm25H1	TcDm25_Chr24_H1_c1	893315	0.52
TcruziTcDm25H1	TcDm25_Chr25_H1	719266	0.514
TcruziTcDm25H1	TcDm25_Chr26_H1	769906	0.513
TcruziTcDm25H1	TcDm25_Chr27_H1	628314	0.519
TcruziTcDm25H1	TcDm25_Chr28_H1	594674	0.505
TcruziTcDm25H1	TcDm25_Chr29_H1	566767	0.532
TcruziTcDm25H1	TcDm25_Chr30_H1_c1	2497974	0.522
TcruziTcDm25H1	TcDm25_Chr30_H1_c2	209098	0.522
TcruziTcDm25H1	TcDm25_Chr31_H1_c1	1639103	0.519
TcruziTcDm25H1	TcDm25_Chr32_H1	1869386	0.533
TcruziTcDm25H1	TcDm25_Maxicircle_H1	47166	0.242
